불용어 제거 리뷰,피부타입,피부고민,자극도
메디힐 마데카소사이드 에센셜 마스크 흔적 리페어 팩 제후기는 시간날때 심심할때 읽어 보시고 도움되세요 메디힐이 올리브영 생기기전 롭스 매장이 있던 오래전에 메디힐 마스크팩이 나왔어요 당시에 티트리 마스크팩 그외 여러가지 나왔는데 저렴하고 성분좋은 마스크팩을 출시한 중소기업으로 독보적이였어요 지금은 올영입점 안하는 온갖브래드에서 성분좋은 저렴한 팩들 많치만요 메디힐도 피이지 피피지 쉐어버터 향료등 빼고 점점 좋은성분들만 넣고 불필요한 성분 자극가는 성분 빼고 점점 반전한 브랜드랍니다 아마도 2009년ㅡ2010년 이때쯤 제기억에 메디힐 마스크가 롭스매장에서 불티나게 팔렸어요 당시 여드름 피부라 메디힐 티트리마스크팩 아침저녁으로 붙였던 기억이 나고 이제 성분보면 나이아신아마이드ㅡ미백성분 수분성분 보습성분 추출물 ㅡ독특한게 해수 들어있네요 판테놀 ㅡ다들 올영라이브에서 들어서 아시는분들은 아실듯한 피부장벽성분 들어있고 세라마이드엔피 1개들어있고 세라마이드 종류는 여러종 들어가야 좋아요 마데카소사이드 50들어 있네요 마데카소사이드 는 3종이상이 들어가야 좋은데 요부분이 아쉬워서 별하나 뺍니다 결론 ㅡ극민감피부 속건조한 지성피부 여드름피부 건성피부 모든피부 쓸수있는 평소 관리용으로 쓸 수분보충 진정 미백 함럄미기재로 알수없음마스크팩입니다 온갖성분 다 들어간 팩류도 많으나 하루는 미백 하루는 진정 하루는 주름탄력 모공 나누어서 마스크팩을 하셔야 피부는 더 좋아지고 다른성분들이 제기능을 할수 있어요 주름 탄력 모공 고민인분은 여러종류의 다양한 펩타이드류와 콜라겐아데노신 요4가지가 꼭 들어간 마스크팩 고르시면 됩니다 복잡하고 어려운 성분 쉽게 찾으시라고 글씁니다 도움되세요 매일 올영입점외 중소기업 수많은 마스크팩들이 신상들이 눈만뜨면 쏟아져 나오는 뷰티 전성기라 저도 수시로 성분보고 팩을 사는데 큰 냉장고 하나가 전체가 마스크팩을 보관해요 광고 이름 제품 브랜드 보지말고 성분과 함량만 고르시면 피부과 안가도 되요 10대때부터 마스크팩 꾸준히 하는걸 추천합니다,복합성에 좋아요,진정에 좋아요,자극없이 순해요
가을이 오면 어김없이 건조해지는 피부 이번에도 예외는 없었어요 콜라겐 영양 가득 채워줄 마스크팩을 찾다가 메디힐 콜라겐마스크팩을 써보게 됐어요 처음 사용했을 때 마스크팩을 얼굴에 올리자마자 시원하고 촉촉한 느낌이 들었어요 마스크팩 시트 자체가 얇아서 밀착감이 좋았고 에센스가 듬뿍 들어있어서 피부에 착 감기더라고요 특히 향이 은은해서 사용하는 기분까지 좋아졌어요 팩을 떼어낸 후 먼저 느낀 건 피부가 아주 촉촉하고 탱탱해졌다는 점이었어요 평소에는 팩을 나면 끈적임이 남는 경우가 많았는데 느낌이 없었고 에센스가 피부에 쏙 스며들어서 산뜻했어요 제가 사용하는 좋았던 건 붉은 기가 싹 가라앉는 거였어요 요즘 날씨가 갑자기 변해서 피부가 예민해지고 있었는데 마스크팩을 나니 붉어진 부분이 금방 진정되더라고요 한 번만 써도 확실한 진정 효과가 있어서 급할 쓰기 좋았어요 가을철 피부는 건조해지기 쉽잖아요 마스크팩은 사용 후에도 오랫동안 촉촉함이 유지돼서 좋았어요 수분감이 피부 속까지 꽉 채워진 느낌이라 날 아침에 세안할 때도 피부가 땅기지 않고 부드러웠어요 마무리로 가을철 건조하고 탄력이 떨어진 피부를 위한 최적의 마스크팩으로 추천드리고 싶어요 저한텐 가을 겨울 필수템으로 자리 잡았어요,건성에 좋아요,진정에 좋아요,자극없이 순해요
저는 피부가 예민해서 뭘 써도 금방 뒤집어지거나 건조해서 푸석푸석해지는데요 이번에 친구 추천으로 메디힐 마스크팩을 써봤어요 처음엔 망설였지만 사용 후 만족스러워서 이제는 꾸준히 쓰고 있답니다 우선 마스크팩을 뜯어서 꺼냈을 시트가 아주 얇고 부드러워서 피부에 밀착되는 느낌이 좋았어요 얼굴에 올렸을 에센스가 가득 묻어있어서 20분 넘게 붙이고 있어도 시트가 마르지 않더라고요 오랜 촉촉함을 유지할 수 있어서 마음에 들었어요 팩을 떼어내고 나서 피부를 만졌을 때 촉촉함과 진정 효과가 느껴졌어요 피부가 붉어졌던 부분이 눈에 띄게 가라앉았고 자극 부드러워졌어요 건조함도 확 사라지고 보습이 꽉 채워진 느낌이었어요 메디힐 마데카소사이드 성분이 진정에 효과적이라고 하더니 저한테 딱이었어요 아침에 일어나서 세안을 할 때도 피부가 촉촉하고 매끄러워서 기분 좋았어요 보통 마스크팩을 해도 아침에 건조해지기 마련인데 다르더라고요 피부 장벽이 강화된 느낌이랄까요 피부가 매끈하고 윤기가 돌아서 하루 종일 화장이 잘 먹더라고요 저처럼 예민하고 건조한 피부를 가지신 분들께 강력 추천해요 자극 피부를 촉촉하고 탄탄하게 만들어주니 매일 쓰고 싶은 마스크팩이에요,건성에 좋아요,주름/미백에 좋아요,자극없이 순해요
메디힐 제품 제가 너무너무 좋아해요 기초라인도 다 메디힐이고요 마스크팩도 메디힐입니다 메디힐을 좋아할수 없는 이유가 성분도 좋고 무엇보다 피부가 편안해지는 느낌이 들어요 히알루론산 마스크팩을 이번에 구매해봤는데 이거 너무너무 좋아요 요즘 운동 열심히 있는데 얼굴이 후끈후끈거리더라구요 이거 냉장고에 여러개 넣어놓고 샤워하자마자 붙이고 있으면 힐링이 되더라구요 얼굴 붉어진것도 빨리 가라앉아지고 안색이 밝아집니당 거기에 수분은 속에서부터 꽈악 채워주는지 하고나면 얼굴이 아주 촉촉해져요 피부가 맞나 싶을 정도로 피부가 탱탱 촉촉해지는데 라인 마스크팩만 사용했었는데 수분라인도 추가해서 사용해봐야겠더라구요 히히 마스크팩 하고나서는 다음날 아침 피부상태 겪어봐야해요 빤질빤질 빛이 나는데 개기름 아니구요 속에서부터 차올라서 속광이 올라와요 피부가 이뻐보이기 힘든데 요거한날은 그리 느껴져요 1일1팩은 저한텐 무리고 일주일에 2번정도가 딱이더라구요 더 꾸준히 사용해서 열심히 가꿔봐야겠어요,건성에 좋아요,보습에 좋아요,자극없이 순해요
메디힐 팩은 늘 구매하는 마스크 팩이예요 종류를 사도 다 좋아서 늘 마음에 들어요 최근에 쓰던 것은 티트리 팩이였는데 요새 나이가 들었는지 피부의 노화가 보이고 쳐짐이 보여 콜라겐 팩으로 구매해 보았습니다 메디힐 에센셜 마스크팩 콜라겐은 피부 탄력을 높이고 보습을 제공하는 제품 생각되요 노화가 걱정되는 피부에 사용하면 좋을 같아요 제가 메디힐 마스크팩을 좋아하는 건 것들은 써보면 마스크팩이 거친데 메디힐 마스크팩은 부드럽고 밀착력이 뛰어나 얼굴에 잘 붙어서 붙이고 집안을도 할 수 있어요 마스크팩이 장점은 보이는 변화 같아요 떼자 마자 수분이 차오르고 피부톤의 변화가 보이니까 끊을 수가 없어요 중요한 날 일주일 앞두고는 매일 메디힐 마스크팩을 하곤 해요 사용 후 보니 콜라겐 성분이 들어가 있어서 그런지 요새 신경 쓰였던 눈가 잔주름들이 조금씩 옅어진 느낌이 들어서 만족 스러워요 향도 진하지 않고 수분감은 워낙 알아주는 편이라 늘 살때마다 만족합니다 퀄리티에 저렴한 가격 메디힐 버리고 마스크팩 알아볼 이유가 없어요,지성에 좋아요,주름/미백에 좋아요,자극없이 순해요
13년 연속 마스크팩 1위 메디힐 믿고 쓰는 메디힐 마스크팩하면 메디힐 마스크팩 사면 무조건 메디힐꺼로만 사요 꾸준히 메디힐 제품 사용 중인데 피부에 아주 찰떡이에요 요즘은 흔적 고민이 많아서 흔적케어 위주 마스크팩을 사용 중이고요 날씨가 날씨인만큼 추워지는 가을 겨울에는 보습과 수분에 좀더 포커스를 두고 싶어서 수분이 주력인 히알루론산 마스크팩을 사봤어요 저는 뜨거운물 샤워를 포기를 못해서 몸을 뜨듯하게 지지면서 샤워를 하다보니깐 두피 얼굴에 열이 화악 오르더라구요 샤워전에 마스크팩을 냉장고에 넣어두고 샤워 끝나자마자 냉장고에서 마스크팩을 꺼낸다음에 올려줘요 얼굴 온도는 싸악 내려가고 수분을 그대로 쏘옥 흡수되고 아주 좋아요 되도록 얼굴에 열이 안 올라가게 샤워해주는게 좋은데 추위는 참을 수 없더라구요ㅠㅠ 일주일에 23번 팩해주는데 팩 쓴날에는 아주 화장이 촥촥 잘 먹어서 팩 애정합니다 수분 지속력이 장난이 다니더라구요 이러니 메디힐을 살 수 없지유 가을 겨울에도 잘 부탁해요 메디힐,건성에 좋아요,보습에 좋아요,자극없이 순해요
수분이 부족한 지성피부입니다 피부에 늘 수분이 부족해서 고민인데 요즘같은 환절기엔 건조함이 더 심해져서 메디힐 히알루론산 워터마이드 에센셜 마스크를 구매해 보았습니다 요즘 바쁘다는 핑계로 피부 관리에 소홀해서 피부가 엉망이고 예민했는데 히알루론산 워터마이드 에센셜 마스크를 써보니 트러블 피부에 보습 충전이 되는게 느껴집니다 민감성 피부 자극 테스트를 완료하고 72시간 수분 홀딩 효과와 속보습 개선 효과를 인체적용 시험완료한 제품이라 촉촉해진 피부를 오래도록 경험할 수 있습니다 6중 히알루론산이 피부 사이사이를 수분 알갱이로 채워주고 판테놀이 수분 유지와 손실 방지를 도와줍니다 피부의 겉과 속에 수분이 충전되고 유지되니 사용한 다음날 피부가 생기있어 보이고 맑아 보여 만족스럽습니다,지성에 좋아요,보습에 좋아요,자극없이 순해요
메디힐 마스크팩 좋다고 해서 한 번 더 써본 적 없는 콜라겐으로 골라보았습니다 사용해보니 팩 한장에 원액 자체가 들어 있었습니다 와이프가 좋다고 얼굴에 팩을 남는 원액을 손에도 바르고 몸에도 바르고 그러더라고요 콜라겐 팩은 미세한 저분자 콜라겐으로 속까지 탄탄하게 채워주고 주름 개선 기능성으로 탱탱한 피부 관리를 해준다고 합니다 왠지 벌써 피부가 탄탄해진 느낌입니다 콜라겐 마스크팩 더 써봐야겠습니다 보습력도 좋은 같네요 하루 종일 당기는 거 편하게 돌아다닌 같습니다,복합성에 좋아요,보습에 좋아요,자극없이 순해요
날씨가 추워지면서 속건조가 심하게 느껴지더라구요 예전에 마스크팩을 사용했을때 건조함이 잡힌게 생각이나서 재구매를 메디힐 마데카소사이드 에센셜 마스크팩은 민감한 피부나 트러블로 고민하는 분들에게 추천할 만한 제품입니다 피부 진정 보습 회복력에 탁월한 효과가 있어 피부가 예민할 사용하는 데 효과적이에요 사용 후 피부가 확실히 편안해지고 촉촉해지면서도 자극이 없어 만족스러웠습니다 마스크 시트는 아주 얇고 촘촘해 피부에 밀착력이 뛰어났어요 얼굴에 맞게 붙어서 사용 중에도 불편함이 없었어요 또 에센스가 흘러내리거나 불편하지 않아서 착용하고 있으면 편안합니다 마스크팩을 있는 동안에도 얼굴에 붙어 있어서 일상적인 활동도 큰 문제 할 수 있었어요 아주 만족스러운 마스크팩이예요,복합성에 좋아요,주름/미백에 좋아요,자극없이 순해요
기분도 안좋아서 마스크좀 할랬더니 아니 마스크를 주문했는데 에어마스크가 오네요 이것도 당첨이되어야 안에 마스크가 들어있나요,건성에 좋아요,보습에 좋아요,자극없이 순해요
피부가 건성 피부인데다가 울긋불긋한 기운이 있어 피부과 다니면서 피부톤 잡아보려고 노력하면서 개선 중인데요 마데카소사이드에 히알루론산 들어간 팩이라 붉은 기운 잡아준다고 해서 메디힐 제품으로 골랐습니다 제가 원하는 팩의 성능이었거든요 얼굴이 얼룩덜룩한 피부결 파운데이선으로 커버하면 안되냐는 사람들과는 다르게 이게 묘하게 커버가 안되고 인상이 안좋아보이는 같아 꽤 스트레였는데요 요즘은 피부과 다니면서 메디힐 팩으로 매일 관리하고 관심주니까 좋아져서 마음이 편하네요 팩 자체도 쫀쫀하고 피부에 착 붙어서 장시간 휴대폰하고 있어도 손질하지 않아도 되고 에센스가 뚝뜩 떨어질정도라 저는 사실 이틀에 걸쳐서 쓰는데도 새것처럼 에센스 쫙 나와요 피부열감을 떨어뜨리니까 붉은기도 잡아주는 듯 합니다,건성에 좋아요,보습에 좋아요,자극없이 순해요
메디힐 마데카소사이드 에센셜 마스크팩 피부에 생기를 불어넣다 평소 민감하고 예민한 피부 고민이 많았는데 메디힐 마데카소사이드 에센셜 마스크팩을 사용하고 나서 피부가 완전히 달라졌어요 촉촉함이 남다른 에센스 에센스 양이 푸짐해서 시트 마스크를 붙이기 전에 얼굴 전체에 충분히 두드려 주고 있어요 마스크팩을 붙이고 있는 동안에도 촉촉함이 오래 유지되어서 피부 속까지 수분이 가득 채워지는 느낌이에요 건조했던 코 주변이나 입가 부분도 촉촉하게 진정되는 걸 느낄 수 있었어요 진정 효과는 덤 마데카소사이드 성분 덕분인지 붉어진 피부가 빠르게 진정되는 효과도 경험했어요 밤늦게까지 야근하거나 스트레스를 받아 피부가 예민해질 때마다 마스크팩을 사용하는데 날 아침에는 피부가 한결 편안해진 걸 느낄 수 있답니다 피부결 개선은 물론 꾸준히 사용하다 보니 피부결이 한층 매끈해지고 탄력이 생긴 같아요 요즘같이 환절기에는 피부가 건조하고 들뜨기 쉬운데 마스크팩 덕분에 피부가 촉촉하고 윤기 있게 유지되고 있어요 데일리 마스크팩으로 추천 저는 메디힐 마데카소사이드 에센셜 마스크팩 없이는 못 살 같아요 가격도 부담스럽지 않고 피부 타입에도 잘 맞는 제품이라 데일리 마스크팩으로 강력 추천합니다 총평 장점 촉촉함 진정 효과 피부결 개선 가성비 단점 특별한 단점을 찾기 어려움 메디힐 마데카소사이드 에센셜 마스크팩은 지친 피부에 생기를 불어넣어주는 진정한 영양제 같은 존재에요 피부 고민이 있으신 분들에게 강력 추천합니다,지성에 좋아요,주름/미백에 좋아요,자극없이 순해요
메디힐 시트팩은 고급진 팩에서 느껴지는 시트의 부들부들 고무같은 재질이 들어가서 얼굴에 촥 붙는 기분이 꽤 좋습니다 얼굴에 붙이고 있으면 두꺼운 시트를 붙이고 있어서 갑갑한 느낌 나는게 아니라 시원하고 체온을 낮춰주는 듯한 산뜻한 기분도 들고요 화한 향기 때문인지는 잘 모르겠지만 이번에 역대급 더운 여름에 메디힐 시트팩으로 더위날때 잘 썼어요 하루 끝나고 냉장고에 넣어두고 얼굴에 착 붙이면 무릉도원이 따로 없거든요 다들 구매를 고민 중이신 분이 있다면 에어컨 밑에서 시원한 팩으로 조지는 기분을 다들 느껴보셨으면 좋겠네요 날씨가 꽤 더워서 선선한 바람에 시트 붙이고 누워서 하루를 마무리 하는 것이 진정한 행복이에요 나이가 들었는지 눈밑에 주름이 자글자글 피부에 뭐 이곳저곳 트러블이 많은지 돈 깨질 걱정하고 있는데 시트팩으로 진정시켜서 무마해보려구요,건성에 좋아요,보습에 좋아요,자극없이 순해요
메디힐 마스크팩 벌써 번째 사용하고 있습니다 메디힐 사용하기 전에는 누가 준거 어쩌다 한 번 산 거 1000원짜리에 한 장인거 거 돌아가면서 사용했는데 메디힐꺼 사용하고 피부가 달라지는 걸 느끼면서 선택하지 않게 되었습니다 저는 피부가 예민하고 얇아서 조금만 피곤하거나 잠을 잘 못자면 푸석거림이 올라오는 피부입니다 또래에 비해 나이가 들어보이는데 메디힐 마스크팩 사용한 이후부터 피곤해 보인다라는 이야기를 안 듣네요 진작 쓸껄 자극이 없는 성분이다 보니 사용하고 있는 동안에 따갑거나 당기지 않고 아주 촉촉하고 탄력이 생깁니다 그러다 보니 날 화장도 잘 받고 푸석하지도 않아서 얼굴에 생기가 도는 모습이 보여서 매일 안 할 수가 없어요 겨울이라 피부가 더 건조해지기 미리미리 쟁여놔야겠어요,건성에 좋아요,보습에 좋아요,자극없이 순해요
구매이유 평소에 피부가 예민한 편이라서 트러블이 종종나더라도 금방 진정됐는데 이제는 나이를 속일 수 없어서 트러블이 나도 진정되는데 시간이 더 걸리는 같더라구요 더 늦기전에 지금부터라도 관리를 시작해보려고 구매했어요 엄청난 에센스양 마스크팩을 붙일때도 에센스가 흠뻑 묻어있어서 피부에 밀착이잘되는데 꺼낸 비닐속을 보면 에센스양이 엄청나게 있었어요 남은 에센스는 잘 모아서 팔이랑 목까지 바르고 다리에도 발라줬는데 촉촉하고 보습이 되는게 마스크팩하나로 다양한 부위까지 챙길 수 있는 에센스 양 트러블과 진정 효과 메디힐 마스크팩에 들어있는데 마데카소사이드 성분때문임지 트러블난게 금방 진정되더라구요 효과가 직빵이에요 요며칠 회사 업무때문에 3일 야외 외근 업무를 하는데 아직도 햇빛이 뜨거워서 매일 얼굴이 타서 홍조가 생겼는데 마스크팩하니깐 홍조도 사라지고 진정되는게 좋았어요 촉촉한 보습효과 에센스양이 많아서 그런지 마스크팩을 하고나면 꽤 보습효과가 지속되는 같아요 평소에 세안하고나면 얼굴도 땡기고 스킨로션을 바르지 않으면 얼굴이 건조한 느낌이 들었는데 마스크팩하고 나니깐 전보다 촉촉함이 유지되는게 느껴져서 데일리 팩으로 딱인 같아요 피부결 정돈 데일리팩으로 매일 사용하려고 노력은 하고있지만 가끔 깜빡하기도 하는데 꾸준히 사용하니깐 피부결도 정돈되고 부드러워진 느낌이 들고 볼이 쫀쫀한게 탄력이 생긴 같아요 남녀 구분 추천 마스크팩 보습효과와 성분으로 민감성피부에도 좋고 건조한 피부에도 좋아서 남녀 구분없이 사용하기 좋을 같아요 향이 자극적이거나 그런게 아니라 매일매일 사용하기 좋아서 남녀구분없이 데일리팩으로 추천드려요 총평 장점 피부 진정효과 촉촉한 보습효과 피부결정돈,복합성에 좋아요,진정에 좋아요,자극없이 순해요
메디힐 티트리 마스크팩 이거 내 인생 마스크팩 개죠아 진정효과5 원인 불명 접촉성피부염으로 고생할 뻔했는데 이거 쓰고 일주일도 안되서 회복됨 의사쌤도 빨리 회복되는 거 신기했음 전에도 접촉성피부염으로 2달 간 적 있는데 개꿀 혁명템이다 수분45 에센스 짱 들어있고 보습감도 좋음 수분팩으론 좋은게 더 많기 때문에 가성비5 올리브데이 장당 950원에 구입 싸구려도 아닌데 효과도 짱이고 세일도 자주해서 쟁여둘 이만한 거 없다 루틴 첫 날은 세수하고 닥터ㅈ 수딩크림만 바름 날보다 마스크팩 격일로 해주고 아침저녁으로 티트리 트러블 패드 붙여놈 피부 열감 낮추고 물 마시기 아래 사진 보시면 비포 에프터 조명 피부색은 다르게 나왔지만 붉은기랑 동그랗게 올라온 트러블 차이점은 보시기에 문제 없으실 듯 하고 비포사진이 흐린이유는 선명하게 담기 심해서 강추드려요 티트리 맞는 사람만 쓰기 티트리 마데머시기 그거 안 맞거나 향 싫으시면 메디힐 워터마이드 마스크팩 강추드림 다 쟁여놈 주 34번 권장 도움이 되었다면 씩만 부탁드려요 비포 에프터 성분등,복합성에 좋아요,진정에 좋아요,자극없이 순해요
유투브보다 팩 사용 방법 충격 그동안 사용했던 팩은 잘못된 방법 팩 사용하기 전에 성분 좋은 세럼이나 에센스를 바르고 팩 붙이고 유지 15분 물로 가볍게 세안 후 수분 크림을 바르는거까지 그래야 필요한 성분이 피부에 충분히 스며든다고 합니다 한종류의 팩을 한달 사용 후 성분의 팩으로 변경해야지 이것저것 쓰는 것도 큰 도움이 안된다고 합니다 주12회정도가 적당 1일1팩은 독이 될 수 있다고 합니다 저도 일주일 사용해봤는데 도움이 되었습니다 메디힐 팩 좋은 줄은 알고 토리든이랑 세일할때 쟁겨두었습니다,건성에 좋아요,보습에 좋아요,자극없이 순해요
제 리뷰가 도움이 되셨다면 좋아요 한번씩 부탁드립니다 메디힐 티트리 마스크 한달 사용 후기입니다 최애마스팩인 메디힐 중에서도 티트리 마스크팩이 단연 최애인데요 불과 얼마전까지 좋다고 찬양하는 리뷰 작성했는데 충격적인 사실을 알게되어서요 메디힐 미쳤나요 ㅋㅋ 얼마전 메디힐 제품으로 보이는 팩이 공장에서 맨 손으로 포장되고있는 틱톡 영상을 보게 되었어요 짝퉁이다 뭐다 말이 많았는데 메디힐 본사에 직접 문의 한 결과 메디힐 제품이 맞다는 답변을 받았습니다 수출용 제품이고 하청업체로 확인 되었다고는 하청업체 관리도 본사 몫아닌가요 어디에도 사과문은 없네요 뭐 어떻게든 넘어가면 된다는건가 ㅋ 최애 마스크팩 메디힐이였는데 영상을 본 더이상 구매하지못할것같습니다 너무너무 실망이에요 대처 실망이네요 저는 대체템 찾으러 갑니다 모르셨던분들도 꼭 아셨으면 해요,복합성에 좋아요,진정에 좋아요,보통이에요
티트리 추출물이 피부진정을 시켜주고 유수분 밸런스를 맞춰주니 좋아요,건성에 좋아요,보습에 좋아요,자극없이 순해요
메디힐 팩 종류별로 즐기면서 마데카소사이드랑 티트리는 항상 쟁여서 구매하며 23년 써왔는데 마데카소사이드 팩을 간만에 뜯어서 붙였는데 팩에 웬 잔머리 하나가 붙어있더라구요 아 내 머리카락인가 했더니 굵기가 다르고 머리카락 색도 달라영 찝찝해서 버릴까 했는데 요즘 땅파서 천원 줍기도 힘든 시대다 생각하고 걍 붙이고 있긴한데요 기분이 리뷰 한줄 적습니다,복합성에 좋아요,진정에 좋아요,보통이에요
항상 메디힐 마스크팩 믿고 사용하던 1인 이번에 리뉴얼 되었다는 따끈한 소식에 바로 달려가서 사왔습니다 따끈한 리뉴얼 된 신상이다보니 패키지 마음에 듭니다 알양 모양은 원래부터 그랬지만 뭔가 더 신선한 마스크팩 느낌쓰 입니다 다양한 마스크팩 종류에 놀라고 가격에 한 번 더 놀라고 메디힐 마스크 팩중에서는 원래도 티트리를 좋아했는데 이유는 진정에 탁월하기 때문 더 나아가 보습에도 탁월 하다는 게 큰 장점이 같아요 저는 민감한 피부일 추운 날씨일때ㅜㅜ 꼭 민감해지더라구요 이럴 필요한 유수분 밸런스 이거 없어서는 안될 아이입니다 꼭 사용해보셔요 유수분 밸런스에 기가 막히는 효과를 볼 수 있을거에요 티트리가 피부 진정에 좋다는 걸 다시금 알게되는 기회 꼭 느껴보세요 ㅠ 찐 인생템 이글읽으신모든분들 2022년 다들 행복한 일만 있길 바라요,건성에 좋아요,보습에 좋아요,자극없이 순해요
3가지 티트리 액티브 성분이 함유되어 있어서 피부진정에 좋네요,건성에 좋아요,보습에 좋아요,자극없이 순해요
센텔라 콤플렉스 티카 콤플렉스 피토알렌신 성분 함유로 민감한 피부 케어해주는 마스크팩이예요,복합성에 좋아요,진정에 좋아요,보통이에요
호밀피토플라센타 콩피토플라센타 완두콩피토플라센타 곡식에서 나온 추출물로 피부 영양을 준다네요,복합성에 좋아요,진정에 좋아요,보통이에요
티트리 솔루션이라 피부 밸런스 진정시켜주는데도 좋고 주름개선에도 좋네요,건성에 좋아요,보습에 좋아요,자극없이 순해요
해양심층수 아쿠아씰 글리세릴글루코사이드 함유로 트리플 수분 마스크팩이래요,복합성에 좋아요,진정에 좋아요,보통이에요
비타민 비타민 비타민 함유로 생기 잃은 피부톤을 환하게 밝혀주는 마스크팩,복합성에 좋아요,진정에 좋아요,보통이에요
내 외부 자극으로 민감해진 피부진정과 유수분 밸런스 개선에 도움을 준다네요,복합성에 좋아요,진정에 좋아요,보통이에요
사용해보면 1위 마스크팩인지 알 수 있습니다 합리적인 가격에 효과는 만땅 에센스도 낭낭하고 시트도 부드럽습니다,복합성에 좋아요,주름/미백에 좋아요,자극없이 순해요
개인적으로 티트리 향 별로 안 좋아해서 팩 뜯기 전에 망설였는데 생각보다 향이 강하지 않아서 다행이에요 팩 붙이고 나서 딴짓하다가 한 가까이 붙이고 있었는데 마르지도 않고 시트가 얇아서 순간 붙인 걸 까먹었어요 촉촉해요 시트 향두께에센스 양 제가 향에 예민한데 은은하게 티트리 향이 나서 불편함은 없었어요 두께는 얇고 에센스는 머금고 있는데팩 꺼낼 에센스가 흐르지 않아서 좋았어요 밀착력보습력흡수력 얼굴에 착 붙고 팩 크기도 얼굴형에 붙고 한 붙였다 떼서 그런가 에센스가 피부 속까지 스며들었는지 촉촉해요 끈적임 흡수도 금방 돼서 크림으로 마무리해줬어요 총평 제가 리뉴얼된 제품 1장씩 구매했는데 지금까지 1일 1팩하고 있는데 마스크팩하면 메디힐이라는 지 알 거 같아요 얼굴이 환해졌더라고요첨부된 사진에 필터 없습니다제품 리뉴얼하면서 신경쓴 것도 느껴지고 환경까지 생각한 점이 더 좋더라고요 팩에 점선이 있는데 점선에 맞춰 접어주고 뜯으니 깔끔하게 뜯기더라고요 사용해 볼 팩이 많아 행복해요 다 사용해보고 저에게 맞는 제품 찾으려고요,복합성에 좋아요,진정에 좋아요,자극없이 순해요
1일 1팩러에게 쟁여놓고 쓰기 좋은 마스크팩 나이들면서 피부 탄력이랑 안색이 구려졌는데 촉촉하고 탄탄해질 수 있다는 기대감이 생깁니다,복합성에 좋아요,보습에 좋아요,자극없이 순해요
티트리 에센셜 마스크팩이라 그런지 보습감도 좋아요,건성에 좋아요,보습에 좋아요,자극없이 순해요
티트리 에센셜 마스크팩이라 피부 진정되고 아주 좋아요,건성에 좋아요,보습에 좋아요,자극없이 순해요
메디힐 팩은 항상 쟁여놓고 쓰는 제품이에요 진정팩은 티트리만 쓰다가 저번부터 마데카소사이드로 바꿨는데 효과가 좋았어여 패드도 마데카소사이드로 사용해서 그런지 진정효과가 대단하더라구용 티트리만 사용하셨던 분들은 요걸로 바꿔보셔도 좋을 갘아요 최근에 마트에서 공구로 메디힐팩 저렴하게 팔길래 라인도 쟁여놨습니다,건성에 좋아요,보습에 좋아요,자극없이 순해요
1등 마스크팩인 이유가 있다 왈 우선 가격 올리브데이에는 너무나 싸게 950원에 살 수 있고 보통 세일은 1000원에 살 수 있는 가성비 제품이다 내가 주로 사는 마스크팩 초록색은 여드름 뾰루지가 났을 파란색은 화잘먹이 필요한 날에 피부가 건조할 노란색은 기미 주근깨를 지우거나 톤업을 싶을 핑크색은 모공 축소 피부 탄력을 개선하고 싶을 화장하는 코기의 끄적임 30분을 넘기면 마스크팩이 건조해지면서 피부에 있는 영양을 흡수하니 조심해야 한다 왈 부끄럽지만 사진처럼 마스크팩을 붙여주고 들뜨는 콧등 중간에 가위로 싹둑 해주면 마스크팩이 코에도 착붙한다 그때그때 필요한 용도에 레인보우 색깔별로 사용하는 것을 추천한다 레인보우 레드와 보라색만 나오면 딱이겠네 왈,복합성에 좋아요,보습에 좋아요,자극없이 순해요
여름엔 무조건 필수템 냉장고에 넣어뒀다가 사용하면 짱 시원해요 티트리는 말해뭐해요 가격도 저렴하고 피부 진정 필요할때 아무때나 사용해도 굳굳,건성에 좋아요,보습에 좋아요,자극없이 순해요
배송비맞추려고 샀는데 인기가 많은 이유 알겠네요 가성비 마스크팩으로 좋습니당,건성에 좋아요,보습에 좋아요,자극없이 순해요
팩하면 메디힐 운동하거나 피부가 뒤집어질때 꼭 한장씩 쓰고있어요 얼굴에 착착 달라붙고 에센스도 가득 들어가서 안쓸래 안쓸 수 없는 제품이에요 저는 1일 1팩하다가 현재 피부가 좋아져서 23일에 1팩씩해주고 있습니다 사용 후 끈적임도 없도 피부가 가라앉은게 눈에 보여요ㅠㅠ재구매에 이어 재재재구매해야하는 메디힐팩 집에 없으면 불안해서 다 떨어지기 전에 10개씩 사놓습니다 그만큼 좋은 제품이니 아직도 안써보신분 계신다면 무조건 사세요,복합성에 좋아요,진정에 좋아요,자극없이 순해요
올리브영 구경 갓다가 가볍에 사용할만한 마스크팩 메힐꺼 구매햇어요 항상 쓰던제품입니다,건성에 좋아요,보습에 좋아요,자극없이 순해요
가볍게 팩 해주기 좋아요 무거운제형이 아니라 냉장고에 넣어두었다 수분 주기 좋은거같아서 구매해요,건성에 좋아요,보습에 좋아요,자극없이 순해요
칙칙한 피부엔 비타민팩이죠 가끔 해주는데 향도 좋고 맘에 들어요,복합성에 좋아요,주름/미백에 좋아요,자극없이 순해요
떨어질쯤 쟁이는 팩 메디힐팩은 끊을수가 없네영 1일 1팩 하기 좋아요,복합성에 좋아요,보습에 좋아요,자극없이 순해요
메디힐 에센셜 마스크 마데카소사이드 구매했습니다 한동안 자주 구매해서 사용했던 제품인데 요즘엔 잘 맞지 않는다는 느낌이 들더라구요ㅜ 오랜만에 장바구니 가격도 맞출 겸 해서 잘 썼던 마데카소사이드로 골라 사용했는데요 크게 자극이나 문제점이 있진 않았어요 워낙 저렴한 가격이기도 하고 할인도 꾸준히 들어가는 제품이라 가볍게 가성비 좋게 구매해서 써보기 좋은 제품인 같습니다 저는 마스크팩 토너 패드를 애용할 같아요 마스크팩이 잘 맞는 주기도 있는지 최근엔 피부와 시너지가 잘 안 오르는 같아요,복합성에 좋아요,진정에 좋아요,자극없이 순해요
메디힐 마데카소사이드팩 특유의 숲속 같은 향을 좋아해요 킁킁 더운날 피부 온도 내리거나 살짝 피부 트러블 올라올 느낌일때 긴급처방용으로 추천합니당,건성에 좋아요,보습에 좋아요,자극없이 순해요
마데카소사이드 무난무난 좋아요 재구매도 자주 합니다,건성에 좋아요,보습에 좋아요,자극없이 순해요
냉장고에 넣어놓고 사용하면 굳굳입니당 무조건 사용해보세용,건성에 좋아요,보습에 좋아요,자극없이 순해요
한개써봐서는 잘 모르겠네요ㅠ그냥 냉장고에서 꺼내서 쓰면 시원시원,건성에 좋아요,보습에 좋아요,자극없이 순해요
기미 잡티에 좋다고는 전 한번만 써봐서 모르겠어옹ㅠㅠㅠ,건성에 좋아요,보습에 좋아요,자극없이 순해요
티트리 성분이 함유되어 있어서 그런지 피부 진정되며 촉촉해서 좋아요,건성에 좋아요,보습에 좋아요,자극없이 순해요
항상 구매하던 제품이라 구매했어요 열감 싹 내려주기 무난한 제품입니다,건성에 좋아요,보습에 좋아요,자극없이 순해요
