불용어 제거 리뷰,키워드,제품명,피부타입,기능
가볍찐템 얘 괜찮다ㅋㅋ 내가 비타민앰플 여러개 써봤지만 얘는 추천라인업에 껴도 될 수준이야ㅇㅇ 제형자체가 굉장히 가벼워 끈적거림도 딱히 없어서 지성피부가 바르기 좋은느낌이였어ㅋㅋ 바르고나면 손에서 비타민앰플 특유의 냄새가 나는데 이것도 손씻고하다보면 나는 거슬리진않더라구ㅇㅇ 바르고자면 베개에 묻는다는 말도 있던데 나는 베개에 수건깔고 잠 뒤척거림이 심하지않은 편이여서 그런지 딱히 눈에 띄는 묻어남은 없었어 다만 내가 쓰는 제품이 불량인건지 스포이드가 조절이 잘 안되더라구 스포이드로 눌러야 앰플이 나와야하는데 안눌러도 맺혀있던 앰플이 나온다고해야하나ㅠ 신경쓰이지는않았지만 스포이드를 꺼내고나서 얼굴에 발라줘야한다는게 거슬리는 정도 였어ㅋㅋ 효과도 굿 나는 피부뒤집어지고나서 진정관리 이후에 흔적관리용으로 사용해줬는데 점점 피부가 맑아지면서 톤이 균일해지는게 보여서 만족했어ㅇㅇ 가격은 20는 올영기준 정가 23000원이고 오특하면 30할인해서 16100원까지 떨어져 더블기획은 올영기준 정가 46000원이고 올영라이브때 26500원까지 떨어지더라구ㅇㅇ 더블기획은 할인율이 10정도 더 높아서 나처럼 찐템이다싶으면 더블기획으로 구매하는걸 더 추천할께 솔직하게 작성했는데 다들 유용한 리뷰였으면 좋겠다 도움이 돼요 눌러주면 다음에도 솔직한 리뷰로 돌아올께 오늘도 내 리뷰 읽어줘서 고마워 나는 특히나 기초제품은 최대한 오랫동안 사용하고 리뷰를 남기는편이거든 아무래도 꾸준히사용해야 내 리뷰 봐주는 사람들한테 더 도움될 수 있으니까 얘는 내가 8월말에 구매해서 11월초까지 사용했을 더 길게 사용해보고 싶었는데 리뷰마감기한이 11월이더라구ㅠ 괜찮다고 느꼈던템이라서 추천하고싶더라구 다들 내 리뷰볼 참고했으면하는 맘에 덧붙여봐,"가볍찐템, 괜찮다ㅋㅋ",코스알엑스 더 비타민C 23 세럼,복합성,"주름개선, 미백"
안녕하세요 리뷰 할 제품은 코스알엑스 더 비타민23세럼입니다 제가 이야기 할 내용들은 크게 사용 방법 언제 사용하면 좋을지 트러블 민감 피부에 사용해도 되는지 보관 방법 시너지 효과 사용시 주의할점 사용후기 아쉬운점좋은점 등에 이야기를 해보려고 해요 하나씩 이야기 해볼게요 내용들은 제가 실제로 궁금해했던 내용들이에요 공감할 수 있는 부분들로 리뷰를 작성해보려고 합니다 사용방법 사용하시기전에 꼭 흔들어서 사용해주세요 저는 34번 흔들어서 사용해주고 있어요 언제 사용하면 좋을지 먼저 아침 저녁 모두다 사용해도 돼요 아침에 사용할때에는 꼭 선크림을 발라야해요 발랐을때 끈적거린다는 느낌이 든다면 크림을 위에 덧발라 주세요 끈적거리는 느낌이 없더라도 좋은 마무리감과 수분충전을 마무리를 크림으로 끝내시는 게 좋아요 저는 크림까지 바르고 거기 위에다가 겔팩까지 해줍니당 트러블민감 피부에 사용해도 되는지 사용해도 돼요 피부를 올릴건데요 저는 제품 사용할때 피부가 안 좋은 상태임에도 사용해요 제품 상세페이지를 보면 저자극 피부 자극 테스트까지 완료를 했다고 합니다 가족들도 이거 매일 사용하고 있는데 가끔 따끔거린다고 해요 저도 가끔 따끔거림을 느껴요 느낌은 10초정도가고 뭔가 다음날에 피부가 뒤집힐거 같은 느낌인데 막상 다음날 돼서 보면 피부는 그대로 더라구용 저처럼 따끔거림이 있을 수도 있는데 당황하지 마시구 다음날까지 기다려보시는걸 추천드려용 보관방법 보관은 무조건 냉장고 입니당 저는 겨울에도 냉장보관을 해요 사용 전 미리 쟁여놓은 제품도 다 냉장고에 보관합니당 시너지 효과 코스알엑스 더 펩타이드 세럼을 먼저 바르고 제품 발라보세요 그리구 마무리로는 크림으로 해보세용 사용시 주의할점 사용할때 저처럼 흰색이불에 묻는다고 하시더라구용 흰색만 묻냐구용 아니요 초록색 옷 노란색 베게 다 똥색처럼 묻어요 세탁하면 잘 지워진다고 합니당 사용후기 주름을 잘 없애줘요 엄마는 제품쓰고 나서 진한 쌍커풀이 점점 없어진다고 지금은 눈가에 사용 안하고 있어요 정도로 주름을 잘 없애줍니다 잡티 피부 컨디션에도 좋아요 아쉬운점 좋은점 아쉬운점으로는 가끔 따끔거림과 찐득함 묻는거이구용 크게 신경이 안쓰여요 도움이 되셨다면 도움이 돼요를 눌러주세요 오늘도 좋은 하루 보내세요,"안녕하세요, 리뷰",코스알엑스 더 비타민C 23 세럼,복합성,"주름개선, 미백"
5번째 재구매중 얼굴이 노래지냐하시던데 일시적이더라구요 씻으면 돌아와요그냥 놔두시고 바르고 베개는 수건까는걸 추천 전 자요 노래지지가 않아서 아직도 구매를 망설이는 분께 솔직리뷰주의 여드름 붉은자국색소침착에 도움되고자 계속재구매 비타민100가루로 된 것도 있으나 앰플이 편해서 이걸로 구매했어요 격일로 레티놀 크림과 번갈아쓰고 아침에 비타민 밤엔 레티놀 루틴 피부 민감한 날엔 건너뛰고 용법이 워낙 까다롭고 피해야할 성분도 있어서 개인적으로 매일매일 쓰기엔 살짝 무리가 있음 낮에 바르는 걸 추천드려요 선크림 필수 사계절내내 선크림은 필수자작나무 수분선크림 우선 저는 피부 컨디션 괜찮은 날에 발랐을 땐 얼굴이 따갑지 않았습니다 민감할 바르면 자극적임 피부에 너무나 익숙해져서 여러번 레이어링도 해주고 흡수시키고 팁 세안 후에 제품 바르고 흡수시키고 세럼 크림 바르는걸 추천해요 피부가 더 환해지는 속도가 빠를거에요 민감성피부는 붉은 흔적이 심한 부위에만 바르고 바르는 면적을 조금씩 넓혀가세요 제형은 일반 물토너만큼 묽어서 주륵 흘러서 박카스같은 노란색이에요 비타민세럼 충분한 보습 토너 바르고 비타민 바르셔도 됩니다 비타민 전에 토너를 바르는 이유는 토너가 쿠션역할을 해줘서 비타민 흡수가 더 잘된다고 합니다 지금은 비타민부터 흡수 시켜요 대신다른 세럼은 비타민 이후에 바르기 조금씩이나마 효과를 느끼고 있기 꾸준히 쓰는중 피부가 심하게 민감하신 분들 여드름흔적 고민이신 분들에게 진심으로 추천해요 단점 굳이 곱자면 세일 안할 땐 가격이 부담스럽다는 거 세일인 쟁여요 원쁠원 비타민 용법 주의사항ㅇ 많이 민감하다면 냉장고 보관 최대한 서늘하고 어두운 곳에 보관할 민감피부는 찬 온도에 더 민감해져서 얼굴 붉어지고 자극감 느끼기 쉬움 1세안후 최대한 앞단계에서 바를 민감피부는 찬 온도에 더 민감해져서 얼굴 붉어지고 자극감 느끼기 쉬움 2세안후 최대한 앞단계에서 바를 이것저것 바르고 비타민 바르면 흡수도 더딜 뿐더러 효과가 미미함 기능성 제품들은 얼굴을 건조해서 보습에 더 신경쓸 레티놀과 사용하지 말 각질제거 후 사용하지 말 피부 민감한 날엔 되도록 피할 민감한 날엔 진정루틴으로 빛에 민감한 성분이니 아침엔 선크림,"5번째, 재구매중",코스알엑스 더 비타민C 23 세럼,복합성,"주름개선, 미백"
열심히 잘 쓰고 있습니다 바르고 나면 얼굴이 쫀쫀 해져요 환해진 것은 별로 모르겠긴 한데ㅠㅜ 그리거 다음날 세수 얼굴에 베이스 바르면 때처럼 밀려나오는 현상이 있습니다 저는 건성이라 아침에 얼굴 물세수만 하는데 한동안 때처럼 나와서 ㅜㅜㅋㅋㅋ,"열심히, 쓰고",코스알엑스 더 비타민C 23 세럼,복합성,"주름개선, 미백"
코스알엑스가 세럼이나 앰플 제품 가성비 좋게 만드는걸로 유명한데 비타민세럼도 거기에 걸맞아요 워터리한 제형이지만 향은 비타민세럼 답게 좋은 향이 아니고 이건 플러스 요인입니다 이상한 향료를 잔뜩 넣지 않았다는 것이니까요 도포했을 워터리하다고 느끼실 수 있지만 흡수되고나서 끈적입니다 비타민세럼은 나이트케어용으로 사용하시는게 좋고요 냉장보관 추천드립니다 화장하실 사용하시는건 추천드리지 않습니다 끈적이기 밀릴 수도 있고 비타민제품들은 도포 후 선케어를 타이트하게 해줘야하거든요 가성비 비타민세럼 찾는 분들께 추천드립니다,"코스알엑스가, 세럼이나",코스알엑스 더 비타민C 23 세럼,복합성,"주름개선, 미백"
본격적으로 미백케어 해주기 구매했어요 기획 구성이 좋더라구요 뚜껑 열기 전에 흔드는게 아니라 스포이드로 교체하고 나서 흔들어주는건데 모르고 뚜껑열기 전에 흔들어버렸어요ㅋㅋ 다행히 넘치거나 하지 않았습니다 물처럼 주르륵 흘러내리는 제형이구요 오일도 들어가있어서 흡수시킬때 오일 특유의 제형감이 느껴져요 오일층 때문인지 어느정도 보습력은 있습니다 비타민 특유의 끈적임이 상당한 편이에요 고기능성 제품들은 제형 잡기가 어려운걸 알고 있어서 상관없었지만 끈적이는거 싫어하시는 분들은 쳐다도 보면 안됩니다 흡수시켜주고 위에 기초 제품 발라주면 끈적임이 덜하긴 꾸준히 사용하면서 미백 잡티 개선 효과 보길 기대해보겠습니다,"본격적으로, 미백케어",코스알엑스 더 비타민C 23 세럼,복합성,"주름개선, 미백"
욕세럼이라고 불릴만큼 따갑지만 저는 그게 피부에 더 효과가 있지 않을까 라는생으로 사용중이에요 절대 햇빛에서 사용하지마시고 냉장 보관해주세용,"욕세럼이라고, 불릴만큼",코스알엑스 더 비타민C 23 세럼,복합성,"주름개선, 미백"
저번에 한통 비우고 재구매한 제품이에요 미백에 확실히 도움 본 제품입니다ㅜ,"저번에, 한통",코스알엑스 더 비타민C 23 세럼,복합성,"주름개선, 미백"
자극없이 쓰기 좋은 비타민 앰플인거 같습니당 같이온 파우치는 별로였어요,"자극없이, 쓰기",코스알엑스 더 비타민C 23 세럼,복합성,"주름개선, 미백"
더운 여름에는 꼬리한 냄새때문에 못바르다가 가을들어서 바르기 시작했는데 확실히 자극이 따끔하게 느껴지긴 합니다 며칠 지나면 자극이 사라지긴 합니다 전 미백보다는 항산화기능에 집중해서 사용하고 있습니다 전 낮에 바르고 자외선차단제를 꼭 발라줍니다 제품 사용하면 건조해서 꼭 수분크림을 발라줘야합니다,"더운, 여름에는",코스알엑스 더 비타민C 23 세럼,복합성,"주름개선, 미백"
빠른배송 감사합니다 따가움이 없어서 좋네요 재구매 입니다,"빠른배송, 감사합니다",코스알엑스 더 비타민C 23 세럼,복합성,"주름개선, 미백"
피부가 예민한 날에는 바르면 따가워요 건조하거나 할때에는 안바르는게 좋은것 같습니다 가성비템으로 좋은것 같아요,"피부가, 예민한",코스알엑스 더 비타민C 23 세럼,복합성,"주름개선, 미백"
꾸준히 사용하지 않아 미백효과가 뚜렷히 나오진 않았지만 따로 트러블이 나거나 하진 않았어용,"꾸준히, 사용하지",코스알엑스 더 비타민C 23 세럼,복합성,"주름개선, 미백"
드림으로 2시간만에 받아봤어요 효과가 있었으면 좋겠습니당,"드림으로, 2시간만에",코스알엑스 더 비타민C 23 세럼,복합성,"주름개선, 미백"
매우매우 좋습니다 세일때 저렴하게 구매하네요,"매우매우, 좋습니다",코스알엑스 더 비타민C 23 세럼,복합성,"주름개선, 미백"
아침에 피부노화에 도움된다해 쓰고 있어요 보습에 좋은 거 같네요ㅣ,"아침에, 피부노화에",코스알엑스 더 비타민C 23 세럼,복합성,"주름개선, 미백"
펩타이드 스킨 부스터 바르고나서 비타민 세럼 발라주면 좋을 거 같네요 피부에 자극은 느껴집니다 못 참을 만큼은 아니지만 꽤 따갑게 느껴져요 잡티와 미백에 좋다고 하니 잘 발라보려고요,"펩타이드, 스킨",코스알엑스 더 비타민C 23 세럼,복합성,"주름개선, 미백"
비타민 씨 함량이 높음거 같아 주문했어요 피부가 칙칙해 보여 도움 받고자 주문했어요 효과가 있었음 좋겠내요 한달 후 후기 작성 할깨요,"비타민, 함량이",코스알엑스 더 비타민C 23 세럼,복합성,"주름개선, 미백"
생각보다 미백효과가 있습니다 하고나면 얼굴이 화끈거리는게 있더라구요 리뷰에서 노란색이 묻어나온다 하는게있던데 저는 없었습니다,"생각보다, 미백효과가",코스알엑스 더 비타민C 23 세럼,복합성,"주름개선, 미백"
한번에 3포이트 쓰는데 바르다 보니 처음에는 따가워요 물처럼 나왔다가 피부에 흡수되면서 끈적끈적하게 변합니다 아누아 비타민세럼과 비슷해요 여기가 더 저렴해서 두세트 샀어오 꾸준히 발라볼게요,"한번에, 3포이트",코스알엑스 더 비타민C 23 세럼,복합성,"주름개선, 미백"
비타민 씨 세럼을 찾아보다가 코스알엑스 더 비타민 23 톤업 미백 집티세럼이 꽤 유명한 같아 첫 구매를 했습니다 건성에 얇은 피부를 갖고 있는데요 처음 뚜껑을 개봉할 가스가 새어나오는 소리가 나서 살짝 놀랐네요 세안 후 피부에 도포했을 따끔하고 자극이 느껴졌고 흡수는 금방 되었지만 끈적임이 남더군요 수분크림으로 급하게 마무리 햬주니까 그니마 괜찮았습니디 피부에 좋은 성분인건 잘 알겠는데 제품의 향이 불호이고 피부 자극과 제형의 끈끈함 보관방법이 까다로운 점은 분명 쉽지 않아 보여요ㅠㅠ,"비타민, 세럼을",코스알엑스 더 비타민C 23 세럼,복합성,"주름개선, 미백"
비타민 고함량 제품 좋은데 주르륵 흘러서 손톱 노래지는 건 겪나요 개인적으로 두드려서 흡수하면 두 배는 더 끈적이는 느낌 마무리감이 좋다고는 말 못하겠지만 한 통 다 비우면 확실히 미백 효과 보여요,"비타민, 고함량",코스알엑스 더 비타민C 23 세럼,복합성,"주름개선, 미백"
온가족 사랑템 가족중 엄마랑 오빠도 사용합니당 나이 성별 피부타입이 다른데도 모두가 잘 사용해요 아주 좋습니당 엄마는 매일 매일 잠자다가 일어나서도 사용하세요 ㅋㅋ 오빠는 피부 컨디션 안 좋을때마다 사용합니다 저는 생각날때마다 사용해요 제품은 고가의 비타민 제품이 저렴이 버전이는게 이해가 돼요 바로 단점으로 헷 제가 온가족이 쓸정도로 좋다고 했는데 별이 3개냐면용 진짜진짜 큰 단점 아쉬운점이 있어요 제가 이거 바르고 이불덮고 자면 꼭 이불에 묻어요 이불만 그럴거 같죵 아니에요 제품이 닿는 곳곳 다 묻어요 이불 옷 베개에 다 묻어요 증말 세탁하면 지워지긴 합니다 저는 잠잘때 옆으로 누워서 자는 습관때문에 베개랑 옷에 다 묻어요 제품 제품 사용했을때는 묻진 않는데 말이죠 제가 제품을 매일 사용하지 않습니다 묻는거 같아요 엄마랑 오빠는 아무말도 안하더라구요 어떤 제품과 사용하면 좋은지 저는 항상 말하지만 코스알엑스 더 펩타이드 세럼인데요 펩타이드랑 사용하면 시너지가 배가 되어서 더 좋은 효과를 보실 수 있어요 가끔 세럼이 자극적으로 느껴지실수도 있는데 펩타이드 사용하고 나서 이거 바르면 자극도가 확 줄더라구요 어느 계절에 사용하면 좋을지 저는 개인적으로 제품은 계절을 타지 않는다고 생각해요 굳이 계절을 추천해보자면 겨울에 사용하시는걸 추천드러용 여름에는 스킨케어 가볍게 가볍게 하는게 좋거든용 무거운 느낌 너무 끈적하다고 느껴진다면 사용하고 나서 끈적하다고 느껴지시면 가벼운 수분크림을 발라보세요 저는 항상 이거 사용하고 나서 무조건 크림을 바릅니당 향 순수 비타민이다 보니까 어쩔수 철 향이 느껴진다고 해요 저는 신경쓰이지 않더라구요 신경쓰이는 정도는 사람에 바른거 같아요 비타민 유도체와 다른점 1 흡수율 유도체 낮음 순수 작은입자로 흡수율 높임 2안정성 유도체 빛과 열에 강함 순수 빛 열 산소에 취약하여 안정화가 어려운 순수비타민를 최적 배합하여 안정성제고 하였어요 여러분도 유도체랑 순수 비타민 사용해보시면 아시겠지만 확실히 순수 비타민이 더 잘 효과가 나타나요 낮에바를거면 무조건 선크림 빛과 열에 취약한 순수비타민은 낮에 바를시 선크림이 필수입니당 도움이 되셨다면 도움이 돼요를 눌러주세요 오늘도 좋은 하루 보내세요,"온가족, 사랑템",코스알엑스 더 비타민C 23 세럼,복합성,"주름개선, 미백"
코스알엑스 앰플 세럼 한달사용후기 아직도 자극이 있어요 적응할만도한데 일부분이 따끔합니다 오전에 사용할 비타민 씨 에센스를 찾다가 올리브영에서 후기가 좋아서 구매해보았어요 마음에 드는점 1 부드럽게 발리고 화장이 밀리지않아요 2 산뜻하게 잘 발려요 3 저는 극건성피부이고 민감성인데 자극이 느껴집니다 많이는아니고 피부 일부분이 따끔이요 4 건조해요저는 극건성피부입니다 구매한이유 비타민씨 필요하고 가격 적당하고 유명하고 왠지 비타민가득 할듯하여 피부에 주고자 구매했어요 보습감 부드럽게 도포되고 쓱 스며들고 보습감 없어요 사실 저는 극건성피부라 해당제품을 사용후 보습에 신경씁니다 당김 있어요 발림성 맹물보다는 진한 같은 느낌 비타민 느낌으로 바르면 그냥저럭 입니다 무엇보다 화장이 안밀려서 좋고 효과보았음 해요,"코스알엑스, 앰플",코스알엑스 더 비타민C 23 세럼,복합성,"주름개선, 미백"
피부가 푸석푸석해져서 화장품을 여러개 구매해봤습니다 현재 바르고 있는 화장품 중 성능이 뛰어나요 1개를 어머니 드렸습니다 피부 진정도 되고 탱글탱글 결이 올라온 듯 합니다 냄새가 별로라는 리뷰 봤는데 냄새 원액 같은 느낌이라 전 좋았습니다,"피부가, 푸석푸석해져서",코스알엑스 더 비타민C 23 세럼,복합성,"주름개선, 미백"
11 기획으로 용량도 더 넉넉하고 오일세럼이라 건조하지 않아요,"11, 기획으로",코스알엑스 더 비타민C 23 세럼,복합성,"주름개선, 미백"
비타민세럼은 여러종류를 바꿔가면서 써봤어요 올영세일기간에 후기도좋고 추천도해서 구매했어요 사은품까지받으니 좋아요,"비타민세럼은, 여러종류를",코스알엑스 더 비타민C 23 세럼,복합성,"주름개선, 미백"
순수비타민가 좋다고 해서 선물용으로 구매했는데 효과있음 좋겠네요,"순수비타민가, 좋다고",코스알엑스 더 비타민C 23 세럼,복합성,"주름개선, 미백"
안써봤는데 마침 세일도 리뷰도 괜찮길래 한 번 구매해봅니다,"안써봤는데, 마침",코스알엑스 더 비타민C 23 세럼,복합성,"주름개선, 미백"
미백에 큰 효과는 모르겠으나 사용 중 매우매우 끈적해서 바르고 어찌해야하는지를 모르겠자고 일어나면 침구류가 노랗게 되어있음,"미백에, 효과는",코스알엑스 더 비타민C 23 세럼,복합성,"주름개선, 미백"
효과는 있는 같지만 사용방법이나 자극 불편해서 재구매는 안해요,"효과는, 있는",코스알엑스 더 비타민C 23 세럼,복합성,"주름개선, 미백"
철냄새 피냄새 라는데 저는 곡물냄새 느껴졌어요 의문점 함량이 종류별류있는지모르고 첨부터 높은걸 쓰게됐는데 괜찮은거 같아요 바르고 는 별도로 먹기도 하는데 피부 환해지길 ㅠ,"철냄새, 피냄새",코스알엑스 더 비타민C 23 세럼,복합성,"주름개선, 미백"
시판중인 비타민 씨 저렴한 같습니다 꽤 통 구입해서 사용중입니다 건조하기 제품을 사용하고ㅠ나면 보습을 꽤 신경써줘야합니다,"시판중인, 비타민",코스알엑스 더 비타민C 23 세럼,복합성,"주름개선, 미백"
저녁에 바르고 있고 흔들어서 사용해요 얼굴에 큰 변화는 없지만 아주 조금씩 얼굴 톤이 밝아지는 느낌이 들어요,"저녁에, 바르고",코스알엑스 더 비타민C 23 세럼,복합성,"주름개선, 미백"
피부 미백을 구매했어요 열자마자 빵 소리가 났는데 그런가 같네용 냉장보관해서 사용해야겠어요,"피부, 미백을",코스알엑스 더 비타민C 23 세럼,복합성,"주름개선, 미백"
이거 비추입니다 꾸준히 써봤는데 좋은지도 모르겠고 누우면 배개에 다 묻어요 비타민이 심하게 묻고 냄새도 별로여서 비추에요 다른거 쓰세요,"이거, 비추입니다",코스알엑스 더 비타민C 23 세럼,복합성,"주름개선, 미백"
바르자마자는 산화되어 약건 노란색이나 아침에 일어나서 세수하면 환해진 얼굴을 마주할 수 있습니다 23 비타민 함량으로 콜라겐 형성도 촉진되어 아침에 볼 집어보면 느껴지는 탱탱함의 정도애도 처이가 있구요 바르면 자극이 따끔따끔 옵니다 저는 일주일에 1번으로도 자국이 와서 다음에는 알파알부틴 구매해보려 합니다,"바르자마자는, 산화되어",코스알엑스 더 비타민C 23 세럼,복합성,"주름개선, 미백"
올영 세일기간에 리뷰가 좋아서 처음 구매해 보았어요 잡티 주름 미백에 좋다고 해서 꾸준히 발라 보려고요 처음 발라 보았는데 가벼운 제형이라 좋았어요 생각보다 꾸덕한 느낌이 아닙니다 향도 안나고 비타민이다 보니 냉장 보관해야하도 사용전 흔들어 사용하고 개봉후 2달안에 사용해야한다라는 주의 사항이 많네요 꾸준히 바르고 잡티 주름제거에 도움이 되었으면 합니다 세일기간이라 저렴했어요,"올영, 세일기간에",코스알엑스 더 비타민C 23 세럼,복합성,"주름개선, 미백"
,nan,코스알엑스 더 비타민C 23 세럼,복합성,"주름개선, 미백"
상품 잘 받았어요사용해보니 광고하신 내용처럼 촉촉해지고 붉은색얼굴이 밝아지는것 같아요향도 좋아요비타민성분이 들어간다생각하니 탱탱해지는것 같아요계속 사용해보고 좋아지면 지인들게도 공유할게요구성품들 넘 맘에 들어요,"상품, 받았어요사용해보니",코스알엑스 더 비타민C 23 세럼,복합성,"주름개선, 미백"
비타민 유도체 비타민 제품 다 써봐도 빨갛게 부어오르고 나무 표면처럼 딱딱해지고 맞지 않는데 제품 쓰고 알러지 미백효과만 탁월하게 있습니다 기미 잡티는 사실 레이저 시술 해야하는거고 휴가 심하게 탔었는데 제품 바르고 일주일만에 하얘졌어요 내용물이 끈적해서 외출 하기 전에 바르면 화장이 다 뜹니다 외출 하지 않는 날 전에 바르면 효과 좋아요,"비타민, 유도체",코스알엑스 더 비타민C 23 세럼,복합성,"주름개선, 미백"
비타민 세럼이 유명해서 구매해봤습니다 비타민 유도체 제품만 쓰다가 이번에는 유도체 진자 비타민를 써보자 해서 구매해봤어요 빛에 민감하기 저녁에만 발라주고 있어요 효과가 좋은지는 더 발라봐야 알것 같아요 자극은 없는 같아서 좋아요,"비타민, 세럼이",코스알엑스 더 비타민C 23 세럼,복합성,"주름개선, 미백"
솔직히 순수비타민이다보니 자극이 적지도 않고 일반적인 세럼들과 비교하면 사용감 자체는 그닥 좋지 않은 편인데다가 냄새도 좋지 못함 그걸 감안하고 사서 쓸 정도로 효과가 좋다 여름에 탄 피부랑 몇몇 잡티는 꼭 이거 써서 되돌리는 편 애초에 순수비타민 자체가 자극이 느껴지고 저런 냄새와 저런 사용감이니까 처음에 쓸 땐 자극이 꽤 있어서 적응하는데 시간이 걸리는데 효과는 그만큼 빠르고 확실하게 나타난다 잡티 흔적도 금방 옅어지고 타서 어두워졌던 피부도 원래대로 잘 돌아옴 가성비도 괜찮은 편이라 아주 애정하는 제품,"솔직히, 순수비타민이다보니",코스알엑스 더 비타민C 23 세럼,복합성,"주름개선, 미백"
이거 리뷰에 가끔 배게에 묻어나요ㅜㅜ 이런말있어서 걱정했으나 저는 크게 묻어남 없었습니다 자극감은 없고 맛이 신맛이 나용 입에 들어가서 먹게되었습니다 흡수다되면 피부가 쫀덕 느낌이 됩니다 뭔가 큰 효과는 며칠 사용치않아 모르겠으나 한달리뷰로 돌아오겠습니다,"이거, 리뷰에",코스알엑스 더 비타민C 23 세럼,복합성,"주름개선, 미백"
트러블이 올라와있는 상태라 사용 못 하는 중이라 효과는 모르겠네여 ㅜ 빨리 사용해서 하얘지고싶아요,"트러블이, 올라와있는",코스알엑스 더 비타민C 23 세럼,복합성,"주름개선, 미백"
올리브영에서 1위라고 해서 기존 사용하던 제품이 끝이 보여서 주문해봤어요 1 1 1 잘 구입했어요 세럼 덕에 나도 깨끗하고 주름없는 피부로 살고 싶네요 오늘드림으로 저녁늦게 받았어요,"올리브영에서, 1위라고",코스알엑스 더 비타민C 23 세럼,복합성,"주름개선, 미백"
쿠ㅍ에서 써보고 올영세일하길래 재구매해요 한통 다 썼을때 잡티 줄어들었고 이주정도 안 발랏는데 잡티 올라와서 급하게 구매했어요 처음엔 살짝 따가운데 피부가 예민하신분은 테스터같은거 받아서 써보시고 본품 구매하시길 추천드려요 저는 속건조만 있는 건성인데 사실 피부타입 속건조가잇다 말곤 잘 모르겟어요,"쿠ㅍ에서, 써보고",코스알엑스 더 비타민C 23 세럼,복합성,"주름개선, 미백"
갑자기 피부가 뒤집어져서 유튜브로 막 찾아보다가 발견한 제품이에요 유튜버들이 좋다고는 하는데 사실 거 믿기 힘들잖아요 ㅠ 저도 고민이 많았는데 구매를 고민할 정도의 피부 컨디션이 아니었어요 뭐라도 빨리 발라서 진정을 시켜야 할 정도로 나쁜 컨디션의 피부가 돼서 이걸 꾸준히 바르니까 괜찮아졌어요 피부 고민이 있으신 분이라면 꼭 한 번은 시도해볼만 하다고 생각해요 어디서 이상한 냄새가 난다 했더니 범인은 이것 비타민씨 냄새가 이렇다고 하니 손 닦으면서 썼는데 취향은 아니에요 미백은 효과 못 봤어요,"갑자기, 피부가",코스알엑스 더 비타민C 23 세럼,복합성,"주름개선, 미백"
열자마자 알약 캡슐 향이라 해야 되게 역한 향이 올라오더라구요 발라도 되는 건가 싶었지만 바르고 나서 일정 향이 올라왔습니다 ㅠ 제가 피부에 안맞는 제품 바르면 턱 주변이나 볼이 간질간질한데 턱 주변이 간지럽더라구요 ㅠ 써보자 싶어서 스킨 케어 제품 열어봤는데 냄새 나서 다시는 안 쓸 거 같아요 ㅠ,"열자마자, 알약",코스알엑스 더 비타민C 23 세럼,복합성,"주름개선, 미백"
이거 살았는지 기억이 안나염 인생템임 나만 알기 아까워서 다 추천하고 다님 자극은 있어여 피부컨디션 안좋은날엔 이거 맞아 싶을 정도로 따가울때도 있음 냄새도 참치캔기름임 이거 바르면 손도 노래지고 잘 안말리면 베개도 노래짐 개봉하고 후딱 써야지 안그럼 산화돼서 더 노래진대요 근데도 저는 이거 3통째 쓰고있습니다 이니프리 비타앰플도 써봤는데 보습미백 둘다 코스알엑스 압승ㅋㅋㅋ 민감하신분들은 이니프리가 나을거같기도한데 급속미백 원하시는 분들은 이거 무조건 사세요 약국템으로도 없애기 쉽지않던 잡티들 없어지는건 말할것도 없고 피부가 진심 말갛게 하얘짐 친구들이랑 인생네컷 찍고 하면 확실히 티남 저는 전에 기획으로 준 펩타이드 세럼이랑 궁합 잘맞는거같아서 피부 컨디션 평소엔 리샷 민감한날엔 펩타이드세럼 쓰고 비타세럼 두번씩 레이어링하고 한 5분정도 말려놨다가 위에 보습감 있는 에센스고쥰 밀크랑 고보습 크림으로 마무리하는데 확실히 조음 나이트케어용으로만 쓰세요 낮에 괜히 바르고 선크림 바르면 뭔가 찝찝함ㅋㅋㅋ,"이거, 살았는지",코스알엑스 더 비타민C 23 세럼,복합성,"주름개선, 미백"
왕귀여움 왕좋음 냄새도 좋름 가성비도 좋음 꼬옥 사야하는 제품,"왕귀여움, 왕좋음",구달 청귤 비타C 잡티케어 세럼,건성,"잡티, 보습"
1 향이 좋아요 개인적으로 상큼한 향이 좋았어요 2 피부가 쫀쫀해요바르고 나면 쫀쫀하게 스며들어요 3 묽은 제형이지만 흘러내리지 않아서 좋았어요 1 가격이 넘 비싸요세일할 안 사용 2 잡티가 사라지는지 의문이에요꾸준히 썼는데 드라마틱한 큰 효과는 없었어용 3 사바사로 친구는 제품을 쓰고 피부가 뒤집어졌습니다 테스트 하시고 구매하세요예민하신 분들 주의 4 미백효과가 있다고 하는데 없어요,"향이, 좋아요",구달 청귤 비타C 잡티케어 세럼,건성,"잡티, 보습"
비타민 가 풍부해 피부의 잡티와 톤을 개선하는 데 효과적입니다,"비타민, 풍부해",구달 청귤 비타C 잡티케어 세럼,건성,"잡티, 보습"
상큼한 구달 콜라보 워낙 잘 썼던 제품이라 샀습니다,"상큼한, 구달",구달 청귤 비타C 잡티케어 세럼,건성,"잡티, 보습"
파우치 귀여워서 샀는데 음잘 모르겠어요 이거 때문인지는 몰라도 쓴 뒤에 트러블이 올라와서세럼 때문이 아닐수도 있지만 쓰기가 꺼려지네요ㅠ 저랑은 잘 안맞는 같아서 아쉬워요ㅠㅠ,"파우치, 귀여워서",구달 청귤 비타C 잡티케어 세럼,건성,"잡티, 보습"
산뜻한 제형으로 흡수가 빠르고 잡티 개선에도 효과적이에요 리필 포함이라 가성비가 뛰어납니다,"산뜻한, 제형으로",구달 청귤 비타C 잡티케어 세럼,건성,"잡티, 보습"
피부가 예민해서 비타민 제품 잘 못 쓰는데 유일하게 꾸준히 쓰고 있어요 매일 쓰면 잘 모르는데 다른거 쓰다가 오랜만에 쓰면 효과가 확실히 보이는 제품이라 늘 화장대에 있네요,"피부가, 예민해서",구달 청귤 비타C 잡티케어 세럼,건성,"잡티, 보습"
수분감있게 투명하고 산뜻하게 발림 여름철에 쓰기 좋음 끈적임도 전혀없고 향도 없어서 휘뚜루마뚜루 바르기 가넝 귀여운 여행용샘플까지 항상 애용하고 재구매하는 중,"수분감있게, 투명하고",구달 청귤 비타C 잡티케어 세럼,건성,"잡티, 보습"
제품 샀을때 성분 걱정 했는데 다행히 트러블은 안나더라구요 한달간 사용해봤는데 큰 효과는 못 봤습니다 가볍게 사용하기 좋은 라이트한 텍스처에 촉촉하게 흡수돼서 봄 겨울 다 사용하기 좋은데 저는 건성이라 아무래도 쌀쌀해지는 계절에 요거 하나만 바르기엔 살짝 건조하더라구요 수분세럼 필수 비타민세럼 대부분 다 써봤는데 넘버인 5번이 잘 맞았고 잡티케어보다 얼굴 톤 개선 미백 요쪽으로 찾으시는거라면 좋아하시면 이니스리 제품 추천드릴게요,"제품, 샀을때",구달 청귤 비타C 잡티케어 세럼,건성,"잡티, 보습"
먼작귀 콜라보 패키지 귀여워요 구달 비타 세럼은 가을겨울쯤에 사용해주기 좋아요,"먼작귀, 콜라보",구달 청귤 비타C 잡티케어 세럼,건성,"잡티, 보습"
막이 씌어진 느낌이긴 합니다 끈적하구요 특히나 엄마가 좋아하세요 얼굴톤이 밝아지신듯요,"막이, 씌어진",구달 청귤 비타C 잡티케어 세럼,건성,"잡티, 보습"
선착순쿠폰 당첨되서 오늘드림으로 빠르게 받앗습니다 구달잡티세럼 말모말모 요즘 애껴서 조금씩 잘 사용중이에요,"선착순쿠폰, 당첨되서",구달 청귤 비타C 잡티케어 세럼,건성,"잡티, 보습"
먼작귀 콜라보가 귀여워서 남았는데 더 구매해서 미리 쟁여놨어요 먼작귀도 귀엽고 대용량도 좋네요 기능성 에센스라기보다 저는 보습 에센스로 데일리로 매일 사용합니다 수부지 피부인데 피부 속이 쫀쫀해지는 느낌이라 촉촉해서 손이 자주 가요 쫀쫀한데 끈적이지 않아서 사용감이 좋아요,"먼작귀, 콜라보가",구달 청귤 비타C 잡티케어 세럼,건성,"잡티, 보습"
만작귀 파우치라니진짜 귀엽고 깜찍하고 사실 세럼보다 파우치가 귀여워서 샀어욤,"만작귀, 파우치라니진짜",구달 청귤 비타C 잡티케어 세럼,건성,"잡티, 보습"
솔직히 큰 효과가 있는지는 모르겠으나 콜라보가 귀엽고 제품은 무난해요,"솔직히, 효과가",구달 청귤 비타C 잡티케어 세럼,건성,"잡티, 보습"
아직써보기전이라 리뷰가 좋아서 구매했어요 좋았으면 좋겠어요,"아직써보기전이라, 리뷰가",구달 청귤 비타C 잡티케어 세럼,건성,"잡티, 보습"
항상 구매해요 재고 떨어지지 않게 미리 미리 구입합니다 패키지도 귀여워요,"항상, 구매해요",구달 청귤 비타C 잡티케어 세럼,건성,"잡티, 보습"
매장에서 딸 잡티 구매해서 살짝 써봤는대 넘좋은거있죠 세일에 제꺼 대용량으로 구매오늘 드림으로 30분만에 대용량이네요 세일 자주했으면 좋겠어요크림이 품절이라 아쉽네요,"매장에서, 잡티",구달 청귤 비타C 잡티케어 세럼,건성,"잡티, 보습"
두통째 비우고있는데 좋습니다 바르면 점점 하얘져서 좋습니다,"두통째, 비우고있는데",구달 청귤 비타C 잡티케어 세럼,건성,"잡티, 보습"
2주잡티세럼 구달 자주 사용해요 잡티없어지는거는 모르겠고 더 안생기게 사용해요 파우치 귀여워요,"2주잡티세럼, 구달",구달 청귤 비타C 잡티케어 세럼,건성,"잡티, 보습"
좋네요 뭔가 내 피부가 괜찮아 지고 있는 같아요ㅎㅎ,"좋네요, 뭔가",구달 청귤 비타C 잡티케어 세럼,건성,"잡티, 보습"
친구 생일선물로 줬는데 아직두 잘 쓰고 있다고 하네용 워낙 유명한 제품이다 보니 세일할 쟁여두면 좋을 같아유,"친구, 생일선물로",구달 청귤 비타C 잡티케어 세럼,건성,"잡티, 보습"
구달에서 파우치를 사면 세럼을 증정아님으로 준다길래 구매했습니다ㅎㅎ 왜냐면 현지 가도 파우치 사려면 이정도 돈은 줘야하기 때문이져 파우치는 가르마하치와레가 나왔습니다 자수 실 색이나 퀄리티가 저렴한 느낌이라 쬐끔 아쉽지만 귀여워요 제가 구매했던 당시 가격은 26900원이었고 올영세일 선착순쿠폰으로 아이패치 제품까지 구매해서 3000원 할인도 받았어요 세럼 써봤는데 마시는 곤약젤리같이 몽글몽글한 제형이더라구요 크림이랑 섞어쓰니까 넘 향긋하고 좋았어요,"구달에서, 파우치를",구달 청귤 비타C 잡티케어 세럼,건성,"잡티, 보습"
세럼 유명해서 사봤는데 명성이 자자한 이유가 있네요 젤같은 제형인데 묽지 않고 흡수 쫀쫀히 잘 돼요 워낙 흡수가 잘 되는 편이라서 효과도 괜찮게 나오는 같아요 한 유의하셔야할 점은 비타민가 들어있으니 냉장보관을 추천드리고 나이트케어 도포하시는게 좋습니다 데이케어 바르게 되시면 꼼꼼한 선케어는 필수입니다,"세럼, 유명해서",구달 청귤 비타C 잡티케어 세럼,건성,"잡티, 보습"
몇통을 썼는지 기억이 안날정도로 꾸준히 재구매하고 있어요 사실 미백효과까진 직접적으로 느껴지는건 잘 모르겠고 에센스 발림성도 넘 좋고 쫀쫀하고 은은한 향까지 좋아서 잘쓰고 있어요 피부 상태가 좋은날이던 안좋은날이던 자극적이거나 따가운것도 없구요 화장하기전에도 사용하면 피부가 쫀쫀해져서 화장도 잘먹습니다 써보시면 쫀쫀하다는 느낌이 어떤건지 아실거에요 지성피부인데 끈적임이 아니라 피부가 쫀쫀해지는 느낌입니다,"몇통을, 썼는지",구달 청귤 비타C 잡티케어 세럼,건성,"잡티, 보습"
사용계기 비타민가 함유된 제품을 써봤는데 피부에 잘 맞아서 구매하게 되었어요 당시 제품을 썼을때 비타민 사용하면 피부결이 정돈되고 붉은기가 진정되어 조금은 피부톤이 환해지는 느낌이었습니다 구달제품을 선택한 이유는 민감성피부도 사용할 수 있는 저자극성 제품이라는 것 보존제 피부에 유해한 18가지 성분을 뺀 제품이라는 것 비타민 함유량이 높은 청귤에서 추출한 용액을 사용하였다는 점때문에 구매하게 되었습니다 사용감자극감 피부에 바르면 찐득한 느낌 상쾌해요 금방 흡수됩니다 발랐을때 산뜻해요 대신 수분감은 없습니다 비타민는 자칫하면 자극감이 심한데 제품은 자극감은 없었습니다 개인차가 있을 수 있으니 비타민제품을 얼굴에 발라본적이 한번도 없으신 분들은 소량 테스트 해보고 사용하시길 권합니다 향 상큼한 시트러스 향이에요 인공적인 향이 아니라 만족하였습니다 잡티피부톤피부결에 미치는 영향 효과 저는 주로 밤에 바르고 자는데 다음날 피부를 확인해보면 피부결이 매끈하고 톤이 정돈된 느낌이었어요 비타민 제품을 이용했을때와 같은 느낌이었습니다 제품은 스팟케어제품이었는데 제품은 얼굴 전체에 발라서 전체적으로 효과를 본 느낌이라는게 차이점이에요 피부톤이 밝아진 느낌은 아닌데 한 6개월정도 꾸준히 사용하면 효과를 기대할 수 있지 않나 싶어요 아무래도 화장품에서 드라마틱한 변화를 기대하기는 힘들죠 피부결정돈 된 것만해도 만족스럽습니다 전체적 사용후기 사용감 무겁지 않고 피부결이 눈에띄게 매끄러운 느낌이라 너무나도 만족스럽습니다 제품을 통해서 비타민 제품에 더욱 눈을 뜨게 되었고 제품도 더 구매해보려구요 수분감이 부족할 수 있기 건성이신 분들께는 별로 추천드리지 않아요 바르더라도 수분감 충분한 스킨 로션 크림제품을 바르고 쓰시는 것을 권장합니다 총평 비타민 스킨케어 제품 입문용으로 추천 피부결 잡티 고민이신분께 추천 복합성 지성이신분들께 추천해요 베키의 코멘트 저는 스킨구달세럼로션 순으로 바르고 있어요 묽은 수분감있는 제형이기때문에 유분기 있는 크림 로션제품 전에 바르시기를 추천드립니다,"사용계기, 비타민가",구달 청귤 비타C 잡티케어 세럼,건성,"잡티, 보습"
세럼은 가벼운 텍스처로 피부에 빠르게 흡수되며 사용 후 즉각적인 수분감을 느낄 수 있었습니다 잡티 케어에도 효과적이어서 점점 밝아지는 피부를 확인하고 있습니다 리필이 포함된 기획 제품이라서 더 좋고 파우치도 편리하게 사용할 수 있어 만족스럽습니다,"세럼은, 가벼운",구달 청귤 비타C 잡티케어 세럼,건성,"잡티, 보습"
꿀템이라고해서 사봤었는데 저는 크게 변화를 느끼지못했어요 저한텐 뭔가 무겁고 끈적끈적한 느낌이여서 손이 자주가지않는거같아요 효과를 못봤을수도있고 여드름이 있는 피부라 뭔가 여드름을 가라앉힌다음에 써야할거같은느낌 이라서 이걸 꾸준히 바르려고하면 피부가 못나서 여드름이 한개씩 나가지구 꾸준히 못바르게되네요 얼른 피부를 진정시키고 꾸준히 열심히 발라서 찐후기로 가져와볼게용,"꿀템이라고해서, 사봤었는데",구달 청귤 비타C 잡티케어 세럼,건성,"잡티, 보습"
좋아요꾸준히 쓰면 나는 잘 몰라도 6개월쯤 만에 보는 사람들은 얼굴맑아졌다고 100명 중 한명 말함 3개월쯤 보면 모름ㅋㅋ쟁여놓고 씀근데 요샌 건조해서 레티놀을 집중 쓰느라,"좋아요꾸준히, 쓰면",구달 청귤 비타C 잡티케어 세럼,건성,"잡티, 보습"
상큼한 향기가 좋아서 바를 때마다 기분이 좋습니다 2주 사용 후 효과 기대해봅니다,"상큼한, 향기가",구달 청귤 비타C 잡티케어 세럼,건성,"잡티, 보습"
드라마틱하지는 않지만 꾸준히 쓰면 한 6달만에 만난 사람들이 얼굴환해졌다 얘기함 3달만에 만나는 사람들은 모름ㅋㅋ,"드라마틱하지는, 않지만",구달 청귤 비타C 잡티케어 세럼,건성,"잡티, 보습"
아직사용전인데 피부환해졌으면좋겠어요ㅎ써보고다시ㅎ,"아직사용전인데, 피부환해졌으면좋겠어요ㅎ써보고다시ㅎ",구달 청귤 비타C 잡티케어 세럼,건성,"잡티, 보습"
다들 괜찮다고 해서 샀는데 괜찮더라고요 비타민씨가 흡수되는느낌이랄까 엄마랑 쓰는데 엄마도 좋다네요 정착할것같아요,"다들, 괜찮다고",구달 청귤 비타C 잡티케어 세럼,건성,"잡티, 보습"
써보진 않았지만 잡티제거에 좋대서 구매해요 한달리뷰 나증에 쓰러 올게영,"써보진, 않았지만",구달 청귤 비타C 잡티케어 세럼,건성,"잡티, 보습"
넉넉한 용량에 귀여운 파우치까지 있어서 안살 수가 없었어요ㅎㅎ 촉촉하고 산뜻해서 재구매했는데 좋아요,"넉넉한, 용량에",구달 청귤 비타C 잡티케어 세럼,건성,"잡티, 보습"
일년 넘게 재구매중ㅇㅂ니다 세일할때 쟁여놧어요ㅎㅎ,"일년, 넘게",구달 청귤 비타C 잡티케어 세럼,건성,"잡티, 보습"
잡티때문에 구매해봤어요 자극적이지않고순해서좋아요 바로면 금방흡수됩니다 건강해지는느낌이에요,"잡티때문에, 구매해봤어요",구달 청귤 비타C 잡티케어 세럼,건성,"잡티, 보습"
자주쓰고 있어요 건조합도 덜하고 아주 좋은 제품같아요 자주구매할듯,"자주쓰고, 있어요",구달 청귤 비타C 잡티케어 세럼,건성,"잡티, 보습"
수분감 낭낭한 세럼이라 건성피부가 쓰기도 좋은 미백세럼이에요 쓰고안쓰고가 은근히 차이나서 목에도 잘 발라주면 좋아요,"수분감, 낭낭한",구달 청귤 비타C 잡티케어 세럼,건성,"잡티, 보습"
비타민이 잘 맞는 피부라서 넘 잘 썼어요 비타민 세럼 자극도 안 느껴지는 편이었고 꾸준히 쓰니 효과도 있었어요 환절기나 겨울철에 쓰기에는 건조해서 크림 필수예요,"비타민이, 맞는",구달 청귤 비타C 잡티케어 세럼,건성,"잡티, 보습"
귀여원서 좋고 파우치도 줘서 대박임 매일매일 바르는데도 양이 안줄어요 양 많아요,"귀여원서, 좋고",구달 청귤 비타C 잡티케어 세럼,건성,"잡티, 보습"
흔적관리하고 싶은날에는 구달로 해주는 편 준 파우치가 귀여워서 좋앙ㅅ,"흔적관리하고, 싶은날에는",구달 청귤 비타C 잡티케어 세럼,건성,"잡티, 보습"
두개 샀는데 두개나 우사기 나온건 아쉽지만 ㅠ 쟁여둘 정도로 부모님이 좋아하세요,"두개, 샀는데",구달 청귤 비타C 잡티케어 세럼,건성,"잡티, 보습"
우사기 파우치도 받아서 좋고 병에 그림 있는것도 귀여워,"우사기, 파우치도",구달 청귤 비타C 잡티케어 세럼,건성,"잡티, 보습"
하치와레 나와서 넘 행복해용 넘 귀여웅냐 굿 효과는 미미하고 피부가 더 안 좋아지는 거 같아 몸에 바르고 있어용,"하치와레, 나와서",구달 청귤 비타C 잡티케어 세럼,건성,"잡티, 보습"
구달 청귤세럼 자극적이지않고 메이크업 할때도 피부에 먼저 바르고 쿠션 두드리면 확실히 화장 촉촉하게 잘 먹어요ㅎㅎ 기미가 좋아져서 구달 청귤크림도 사용하고 있습니다ㅎㅎ,"구달, 청귤세럼",구달 청귤 비타C 잡티케어 세럼,건성,"잡티, 보습"
바르니까 촉촉해요 끈적이지 않아요 향이 좋아요 리필용으로 나와서 환경도 챙기고 있는 걸 다 쓰고 쓸 수 있어요 좋아요 피부가 부드러워져서 꾸준히 사용하고 싶어요 자극도 없어요 차갑게 사용하면 알로에처럼 진정에도 좋아요,"바르니까, 촉촉해요",구달 청귤 비타C 잡티케어 세럼,건성,"잡티, 보습"
지성피부인데 가을이 되니 날씨가 건조해져서 보습 겸 미백 용으로 나이아신아마이드 에센스 구매했어요 여드름자국에는 나이아신아마이드가 좋다고 하던데 제품도 많지만 제품이 크게 할인하고 있어서 구매했습니다 평소 사용하던 로션 전에 제품 발라줬어요 흔적 케어 효과는 반신반의했는데 여드름자국이 빠르게 옅어지는 효과를 체감했어요 2주 만에 없어진다 평소보다 빠르게 옅어진다입니다 지금은 한 통 다 비우고 리필 채운 상태예요 리필도 본품이랑 용량이 똑같아서 긴가민가했는데 캡을 닫을 수 있어서 남기고 채웠습니다 유리병인데 리필만 따로 판매해줬으면 좋겠어요 파우치에 뭐가 묻어서 와서 아쉬웠습니다살짝 세척하니까 지워지긴 했지만 아쉬웠어요 아무튼 리필 별도판매면 재구매 의사 있는 제품입니다,"지성피부인데, 가을이",구달 청귤 비타C 잡티케어 세럼,건성,"잡티, 보습"
먼작귀 좋아하면 꼬오옥 사세요 요즘 잡티와 미백에 고민이 많아 그에 맞는 기능을 찾고 있던 중 해당 제품을 보게 되었는데 먼작귀 콜라보가 남아있더라구용 구매하였습니다 잡타와 미백에 효과 좋습니다 흡수도 빨리 되나 수분감을 가지고 있더라구요 전에 바르고 일어나면 날 맑고 화사한 피부가 연출이 되어 좋았습니다 제가 비타민이 함류가 된 제품이 안 맞는지 뾰루지가 올라와서 지금은 사용 중단 하였습니다너무 슬픔,"먼작귀, 좋아하면",구달 청귤 비타C 잡티케어 세럼,건성,"잡티, 보습"
쟁여둔것도 여러개 있는데 쟁이네요 온가족이 쓰다보니 쟁여둬야 든든해요,"쟁여둔것도, 여러개",구달 청귤 비타C 잡티케어 세럼,건성,"잡티, 보습"
아이오페 레티놀은 오특이나 라방할때 사는게 짱인것같아요ㅋㅋㅋ38500원에 사은품이 저렇게 잔뜩 오네요 급하신거 존버하다 오특때 사세요 보통 달에 한번씩은 하는것 같아요 제가 레티놀이 잘맞아서 종류별로 다 써보는데 아모레 계열이 자극도 적고 좋은것 같아요 최애는 아이오페 아이오페 슈퍼바운스 건성 민감성에 추천 셋중에 자극 적고 건조해지는게 덜해서 건성이나 민감성 분들께 추천드려요 이니스프리는 건조해짐이 심한 편이었고 프리메라는 가끔 자극이 느껴지곤 탄력 결 개선 트러블 예방 제가 레티놀을 사용하는 큰 이유는 속에서 올라오는 트러블 방지입니다 확실히 레티놀 사용할때에는 속에서 곪은 트러블이 올라오지 않아요 순하고 전반적인 효과를 원한다면 추천 프리메라 비타티놀 건성약한지성까지 추천 살짝 묵직한 감이 있어서 지성분들은 답답하게 느끼실 수도 있을것 같아요 비타민 특유의 냄새랑 기름층이 살짝 올라오는것도 있습니다여름기준 여름지나면 레티놀 특유의 건조해짐이 있어서 건성분들은 보습 잘 해주셔야 돼요 탄력 미백 결개선 각질제거 사실 효과는 비타티놀이 강력한 같아요 드라마틱한 효과를 싶으시면 비타티놀 추천드려요 대신 살짝 자극적인 감이 있어서 저는 23일 연속 사용 후 하루 쉬어주는 주기로 사용합니다 트러블 예방효과는 살짝 약한것 같긴 했어요 드라마틱한 미백탄력 효과를 원한다면 추천 이니스프리 시카 레티놀 수부지 지성 추천 묽고 건조해요 성분이 들어있어서 뽀드득한 느낌이 정도라 건성분들에게는 비추에요 저는 올여름엔 기름이 올라와서 이니스프리 사용중인데 여름인데도 건조함이 느껴집니다 각질제거 트러블 예방 결 개선 모공세럼의 느낌이 나기도 하는 제품이에요 각질피지를 없애주는 느낌이라 화농성여드름이 고민이시거나 산뜻한 관리를 원하시는분들께 추천이에요 저한테는 살짝 과한 느낌이 나기도 해서 3일 사용 후 하루 쉬어주는 주기로 사용중이에요 각질피지위주로 관리를 원한다면 추천 이니스프리 수부지 건성 추천 묽은 제형이지만 시카보단 유분기가 있어요 기존 이니스프리 레티놀이 잘 맞으셨던 분들이 가을겨울에 사용하기 좋을 듯 결 개선 탄력 레티놀의 느낌보다는 영양 콜라겐 느낌이 강한 세럼이었어요 자극도 덜한 느낌이었습니다 적당한 영양탄력 관리를 원한다면 추천,"아이오페, 레티놀은",아이오페 레티놀 슈퍼 바운스 세럼,복합성,"주름개선, 보습"
레티놀 잘 모르고 사용했다가 피부 뒤집졌던 적이 있었어요 악건성 피부라서 회복하는데 오래 걸렸어요 레티놀은 함량이 중요한데 첫 입문자라면 낮은 함량부터 점차 높여가는걸 추천해요 아이오페를 선뜻 구매하기에는 금액대가 있어서 고민이었는데 결론적으로는 피부 뒤집어짐 없고 건조함도 없었어요 꾸준히 사용중인데 늘어진 모공이 쫙 당겨지는 느낌이 들었고 실제로도 모공이 줄어들고 탄력감이 붙은게 눈으로 보여지더라구요 끈적거리거나 기름기가 아닌 촉촉한 광채 피부를 만들어주는데 흡수도 굉장히 빠르고 보송한 마무리감이 좋았어요 악건성이고 민감한 피부가 발랐을때 여러제품들을 발라봤지만 제품만 따끔한 느낌 자극이 되지 않았던 점에서 저와 같은 피부타입을 가진 사람들에게 도움이 되었으면 좋겠어요 주의 레티놀은 열에 약하기 낮에 바르면 선크림 필수에요 글이 도움이 되셨다면아래에 도움돼요 엄지버튼 꾹 눌러주시면 감사하겠습니다,"레티놀, 모르고",아이오페 레티놀 슈퍼 바운스 세럼,복합성,"주름개선, 보습"
타브랜드에서 레티놀 오일이나 세럼 나오지만 함량으로 따지면 아이오페 이길 수가 없더라고요 제형 자체도 일반적인 세럼이라기보다 로션에 가까운 제형이에요 흡수나 발림성은 굉장히 좋고요 제형이 꽤 되직한 로션제형이니 세럼이나 기초제품 레이어드 하실 때는 묽은제형에서 되직한 제형으로 레이어드 하셔야한다는 꼭 참고해주시고요 레티놀이라서 나이트케어 도포하시는게 좋습니다 나이아신아마이드와 사용하시는 분들께서는 나이아신아마이드를 먼저 쓰시고 레티놀을 쓰셔야합니다 펩타이드 세럼을 쓰시는 분들 펩타이드 먼저 쓰시고 레티놀 쓰셔야하고요 히알루론산 판테놀 세라마이드 성분이 들어가있는 것들은 레티놀을 쓰시고나서 단계에 쓰셔야합니다 레티놀의 부작용 중 하나가 건조해질 수 있는 것이기 그렇습니다 제형 봐가면서 스마트하게 잘 사용하세요,"타브랜드에서, 레티놀",아이오페 레티놀 슈퍼 바운스 세럼,복합성,"주름개선, 보습"
한달이상 후기 만족스럽게 사용후 여러번 재구매한 제품이에요 나이트케어용으로 사용하기 좋아요 기획 구성은 계속해서 바뀌던데 스텝3 크림 기획구성일때 구매했고 스텝3 크림도 좋았어요 레티놀 사용이 처음 이거나 민감하신 분들이 사용하기 좋은 제품이에요 자극이 적고 트러블 부담없이 사용 가능한 제품이라 좋았어요 0015 레티놀을 함유하고 있고 레티놀 입문자템으로 데일리로 탄력과 모공관리하기 좋아요 산뜻하지만 촉촉하게 발리는 제품이에요 사용해보면 다음날 피부가 매끄러워지는게 느껴지고 탄력도 생겨서 만족스러운 제품이에요 낮과 밤에 사용이 가능하며 낮에는 꼭 자외선 차단제를 발라줘야해요 참고사항 저자극 제품이긴하나 처음 사용할 때에는 소량으로 시작해서 양을 늘려 사용하길 추천드려요 레티놀 제품이다보니 갑자기 많은양 사용하면 피부가 놀라서 자극이 될수 있어요 레티놀 제품은 나이아신아마이드 세콜지 히알루론산 매트릭실 등과 같은 제품과 사용시 궁합이 좋아요,"한달이상, 후기",아이오페 레티놀 슈퍼 바운스 세럼,복합성,"주름개선, 보습"
부모님 선물로 드리니 제품 현재 쓰시면서 아주 맘에 들어 하시더라고요 발림성이 좋고 흡수력이 끈적이지 않아 괜찮다고 합니다 자극도 그리 큰 편이 아니라서 무난하게 사람들이 대중적으로 쓰기 좋은 같아요,"부모님, 선물로",아이오페 레티놀 슈퍼 바운스 세럼,복합성,"주름개선, 보습"
아이오페 레티놀이 좋다는 후기를 구매 기존에 사용해본 레티놀 제품들은 노란빛을 띠고 있었는데 얘는 노란색보다 흰색에 가까웠어요 제형은 부드러운 세럼 느낌이고 수분감과 약간의 유분감이 느껴졌어요 약간의 유분감은 레티놀 제품이면 다 느껴지는 거라 크게 문제 되진 않았습니다 흡수도 잘 되고 이후에 피부 화장을 방해하지도 않아용 모공이나 피부결에는 딱히 효과가 없었어요 피부에 자극 안 가는 선에서 매일 사용한 건데도 2주가 지나도록 효과가 안 느껴져서 슬펐음 저는 타 레티놀 제품을 사용했을 때도 크게 효과 본 편이 아니라 이니스프리 거 쓰고 초반에 피부결 반짝 좋아졌었으나 이후 세 통을 쓰는 두번다시 효과는 나타나지 않았음 얘도 큰 기대 사용하긴 했지만 모공 축소나피부결 개선은 고사하고 잡티 흔적 옅어지는 것조차 변화가 없었으니 실망하게되는건 어쩔수없네요 총평 레티놀이 들어가서 그런가 가격대가 있는데 가격값을 하는지는 잘 모르겠는 기존에 레티놀이 잘 맞았던 분들은 한번쯤 써보셔요,"아이오페, 레티놀이",아이오페 레티놀 슈퍼 바운스 세럼,복합성,"주름개선, 보습"
제가 매일 꾸준히 바르고 있는 레티놀 입니다 항상 아이오페는 구성기획이 좋아서 맘에 들어요 본품 펌핑해서 발라주고 있고 비싸다 보니까 가득 까지는 아니고 양 조절해서 소량씩 꾸준히 발라주고 있습니다,"제가, 매일",아이오페 레티놀 슈퍼 바운스 세럼,복합성,"주름개선, 보습"
양은적지만 만족도는 굉장히 높은제품이에요 주위에서도 호불호없이 좋아했어요,"양은적지만, 만족도는",아이오페 레티놀 슈퍼 바운스 세럼,복합성,"주름개선, 보습"
가격은 나가지만 그만큼 효과가 좋아요 레티놀 순하고 진정효과도 좋은 같아요 꾸준히 사용해보니 모공도 작아진 같아서 만족스럽습니다,"가격은, 나가지만",아이오페 레티놀 슈퍼 바운스 세럼,복합성,"주름개선, 보습"
만족스럽게 사용후 여러번 재구매한 제품이에요 나이트케어용으로 사용하기 좋아요 기획 구성은 계속해서 바뀌던데 스텝3 크림 기획구성일때 구매했고 스텝3 크림도 좋았어요 레티놀 사용이 처음 이거나 민감하신 분들이 사용하기 좋은 제품이에요 자극이 적고 트러블 부담없이 사용 가능한 제품이라 좋았어요 0015 레티놀을 함유하고 있고 레티놀 입문자템으로 데일리로 탄력과 모공관리하기 좋아요 산뜻하지만 촉촉하게 발리는 제품이에요 사용해보면 다음날 피부가 매끄러워지는게 느껴지고 탄력도 생겨서 만족스러운 제품이에요 낮과 밤에 사용이 가능하며 낮에는 꼭 자외선 차단제를 발라줘야해요 참고사항 저자극 제품이긴하나 처음 사용할 때에는 소량으로 시작해서 양을 늘려 사용하길 추천드려요 레티놀 제품이다보니 갑자기 많은양 사용하면 피부가 놀라서 자극이 될수 있어요 레티놀 제품은 나이아신아마이드 세콜지 히알루론산 매트릭실 등과 같은 제품과 사용시 궁합이 좋아요,"만족스럽게, 사용후",아이오페 레티놀 슈퍼 바운스 세럼,복합성,"주름개선, 보습"
된 레티놀 케어를 할 수 있는 찐템이에요 레티놀 아이오페 인정이요 모공 피부결 케어까지 한 번에 쌉가능,"레티놀, 케어를",아이오페 레티놀 슈퍼 바운스 세럼,복합성,"주름개선, 보습"
재재재구매템 레티놀 하나만 사라고하면 이거 꼽아요 평생 쓸거에요,"재재재구매템, 레티놀",아이오페 레티놀 슈퍼 바운스 세럼,복합성,"주름개선, 보습"
샘플 써보고 좋아서 본품으로 구매했어요 가격이 꽤 나가서 올영세일할 구매하네요 레티놀 처음 써보는데 쓰고 나면 피부가 부들부들해져서 신기했어요 레티놀 쓰고 수분크림 써주고 있는데 만족입니당,"샘플, 써보고",아이오페 레티놀 슈퍼 바운스 세럼,복합성,"주름개선, 보습"
500급에서는 이게 순한데 성능도 좋은 제품이에요 스쿠알란이 들어가 있어 특별히 샌드위치로 사용하지 않아도 된다는 점 큰 장점입니다 번을 재구매하고 계속해서 사용하게되네요,"500급에서는, 이게",아이오페 레티놀 슈퍼 바운스 세럼,복합성,"주름개선, 보습"
이것도 바르고 다음날 되면 피부가 보들보들해요 쓰다 멈추지 않게 미리 삽니다,"이것도, 바르고",아이오페 레티놀 슈퍼 바운스 세럼,복합성,"주름개선, 보습"
비싸서 레티놀세럼 중에선 좋아여 비싼게 흠ㅠㅠ,"비싸서, 레티놀세럼",아이오페 레티놀 슈퍼 바운스 세럼,복합성,"주름개선, 보습"
레티놀이 들어있지만 순해서 좋아요 아이오페라 믿고 사용할 수 있어서 안심이 됩니다 아침에 사용하는데 꼭 선크림 발라야 저녁에는 레티놀 01바르고 있어요,"레티놀이, 들어있지만",아이오페 레티놀 슈퍼 바운스 세럼,복합성,"주름개선, 보습"
아침에 비타민 저녁엔 레티놀을 쓰는 편인데 이거 좋아요 레티놀인데 자극적이지 않습니다 아침에 일어났을 피부가 더 쫀쫀해진 같은 느낌입니다,"아침에, 비타민",아이오페 레티놀 슈퍼 바운스 세럼,복합성,"주름개선, 보습"
사용해보구 좋아서 비싸지만 쓰게되네요 기획상품도 자주 나와서 자꾸 지르게돼요,"사용해보구, 좋아서",아이오페 레티놀 슈퍼 바운스 세럼,복합성,"주름개선, 보습"
다들 아이오페 좋다고 하길래 세럼으로 구매해봤어요 다들 아이오페 아이오페 하는 지 알겠는ㅜㅜ 기초 다 아이오페로 바꿀 생각,"다들, 아이오페",아이오페 레티놀 슈퍼 바운스 세럼,복합성,"주름개선, 보습"
레티놀 제품을 여러개 써봤는데 아이오페 제품이 발림성 같은 사용감이 마음에 들어요 뚜껑이 되게 커서 실제 용량보다 용기가 넘나 크게 느껴지는 디자인인데 조금씩 소량으로 바르니까 약 한달 쓰네요,"레티놀, 제품을",아이오페 레티놀 슈퍼 바운스 세럼,복합성,"주름개선, 보습"
피부결 정돈에 최고인 세럼입니다 레티놀도 발라봤지만 꾸덕하고 날 결이 좋아짐이 느껴지는 제품입니다 두 번 펌핑해서 얼굴 전체에 발라주면 좋고 크림처럼 부드러운 텍스쳐라 발림성 마음에 듭니다 주변에서 레티놀 구매한다고 하면 아이오페 제품 추천입니다,"피부결, 정돈에",아이오페 레티놀 슈퍼 바운스 세럼,복합성,"주름개선, 보습"
아이오페 효도템입니다 엄마를 샀는데 저도 쓰고있어요 바르고나면 피부에 광이나요 다음엔 엄마한테 사달라고할까봐요ㅋㅋㅋ 샘플도 많이주셔서 엄마 본품드리고 저는 샘플쓰는데 본품못지않게 많이주셔서 아직도 잘쓰고있어요,"아이오페, 효도템입니다",아이오페 레티놀 슈퍼 바운스 세럼,복합성,"주름개선, 보습"
레티놀 중에 손이 많이가는 템이에요 국밥같은 템이랄까 바를때는 막 좋다 이걸 알지 못하는데 사용하다가 안하면 빈자리가 느껴지는 세럼인 거 같아요 용량이 적긴하지만 아이오페 답게 샘플을 본품 용량 줘서 꽤 오래 사용할 수 있어요 이번에 받은 핸드크림 사은품도 잘쓰고 있습니다 ㅎ,"레티놀, 중에",아이오페 레티놀 슈퍼 바운스 세럼,복합성,"주름개선, 보습"
레티놀 이것저것 써봤지만 아이오페 추천해요 보습감도 좋고 바른 후 달라짐이 눈에 보여요,"레티놀, 이것저것",아이오페 레티놀 슈퍼 바운스 세럼,복합성,"주름개선, 보습"
얘는 평생템이에요 얼굴에 뭐 나는 같으면 이거 바르고 자면 다 없어짐,"얘는, 평생템이에요",아이오페 레티놀 슈퍼 바운스 세럼,복합성,"주름개선, 보습"
오특으로주문 빠른 배송해주셔서 잘 받았습니다 주문할게요,"오특으로주문, 빠른",아이오페 레티놀 슈퍼 바운스 세럼,복합성,"주름개선, 보습"
레티놀 꾸준히 사용하다보니 안쓰면 다른게 티가 나더라구요 아이오페가 유명한 이유가 있는거같아용,"레티놀, 꾸준히",아이오페 레티놀 슈퍼 바운스 세럼,복합성,"주름개선, 보습"
예민한 피부애도 버르기 좋아요 복합성 수부지 추천드립니더,"예민한, 피부애도",아이오페 레티놀 슈퍼 바운스 세럼,복합성,"주름개선, 보습"
쟁여놓고 쓰는템이예요 레티놀 제품 써봤는데 이게 제일입니다,"쟁여놓고, 쓰는템이예요",아이오페 레티놀 슈퍼 바운스 세럼,복합성,"주름개선, 보습"
모공 개수가 줄어들게 만드는 제품이에요 간단하게 사용하기에 좋아요,"모공, 개수가",아이오페 레티놀 슈퍼 바운스 세럼,복합성,"주름개선, 보습"
레티놀 중에 아이오페가 뭔가 손이 많이가요 국밥템입니다 순하고 보습도 잘돼요 아이오페는 증정이 빵빵해서 더 좋습니다 온 필패드도 맘에 들어요,"레티놀, 중에",아이오페 레티놀 슈퍼 바운스 세럼,복합성,"주름개선, 보습"
레티놀 제품 중에 최고는 아이오페 같습니다 피부가 매끈하게 결이 좋아지고 트러블 자국 회복 속도도 빠르고 좋아요 기획세트 구성에 선크림도 추가 되어서 좋네요,"레티놀, 제품",아이오페 레티놀 슈퍼 바운스 세럼,복합성,"주름개선, 보습"
엄마가 10년 넘게 꾸준히 사용하는 브랜드라 아묻따 결제해요 구성 혜자,"엄마가, 10년",아이오페 레티놀 슈퍼 바운스 세럼,복합성,"주름개선, 보습"
주름과 모공에 효과가 있기를 기대하며 꾸준히 사용 중입니다 잘 쓰고 있습니다,"주름과, 모공에",아이오페 레티놀 슈퍼 바운스 세럼,복합성,"주름개선, 보습"
이니스프리 사용하다 아이오페로 올럈는데 사실 다른효과는 못느끼지만 꾸준히 쓰는중입니당,"이니스프리, 사용하다",아이오페 레티놀 슈퍼 바운스 세럼,복합성,"주름개선, 보습"
아이오페 세럼을 바르고 나면 피부가 당겨지는 느낌이 나면서 탄력이 생기는 같아요 기능성 제품이라서 거겠죠 크림은 꼭 발라줘야 꾸준히 사용 중이에요,"아이오페, 세럼을",아이오페 레티놀 슈퍼 바운스 세럼,복합성,"주름개선, 보습"
순하게 피부를 조여줘서 좋습니다 레티놀의 명가 아이오페 믿고 쓰려고 합니다,"순하게, 피부를",아이오페 레티놀 슈퍼 바운스 세럼,복합성,"주름개선, 보습"
자극이라긴 건조함이 느껴지고 사용하니 붉어져서 아주 소량씩 사용해보고있어요ㅠㅠ 샘플쓰고 있는데 효과는 모르겠어요,"자극이라긴, 건조함이",아이오페 레티놀 슈퍼 바운스 세럼,복합성,"주름개선, 보습"
얼굴에 오돌토돌한 게 생긴 날에는 꼭 아이오페 레티놀을 발라주고 자요 신기하게도 하룻밤 사이에 피부가 더 깨끗해지더라구요 피부가 예민한 편인데도 따갑거나 부작용도 없어 계속해서 구매하며 사용하고있어요,"얼굴에, 오돌토돌한",아이오페 레티놀 슈퍼 바운스 세럼,복합성,"주름개선, 보습"
레티놀하면 아이오페인 걸 알고 있었지만 혹시나 자극이 있을까봐 이니스프리 제품 먼저 써보고 괜찮아서 아이오페 세럼 사봤어요 라방 혜택 구성이 좋았고 세럼 발림성도 흡수력도 다 맘에 들어서 피부가 쫀쫀해진 느낌 드는게 아주 만족스러웠습니다 샘플을 받아서 한 세트는 아직도 개봉 전이에요,"레티놀하면, 아이오페인",아이오페 레티놀 슈퍼 바운스 세럼,복합성,"주름개선, 보습"
이미 쓰고있는 제품도 많지만 기획세트도 좋고 증정이 많아서 쟁여두려고 구입했어요 배합이 잘되있어 특유의 자극이 적어 레티놀 처음 입문하시는분들이 쓰기에 아주 좋아요 아침 저녁 사용가능하지만 아침에 바를땐 자외선 차단제를 꼭 발라주세요,"이미, 쓰고있는",아이오페 레티놀 슈퍼 바운스 세럼,복합성,"주름개선, 보습"
레티놀이 잘 받는 피부라 이것저것 사용해봤는데 구매해본 제품중에서 만족스러웠어요 피부 자극감도 없고 나이트케어에 사용해주면 다음날 피부 속광이 느껴질정도로 빠른 효과를 체감했습니다 전반적인 피부 컨디션을 끌어올리고 싶은 분들에게 추천하는 제품이에요,"레티놀이, 받는",아이오페 레티놀 슈퍼 바운스 세럼,복합성,"주름개선, 보습"
기획세트가 더 좋아지네요 아이오페 레티놀이 피부에 젤 맞고 순해서 매일써서 빨리 떨어져서 기획세트보고 재구매했어요 샘플로 레티놀 더 주는게 굳ㅋㅋ 통 쓰는지 세는걸 까먹은 양이 저에게는 작지만 도자기같은 용기도 고급지고 펌핑양도 2번이면 얇게 얼굴 전체적으로 잘 바를 수 있어서 더 좋아요 향도 없고 무거운 제형이 아니여서 흡수도 빠르고 발림성도 좋고 저녁에만 발라주는데 피부장벽이랑 피부결도 개선됐고 모공도 더이상 늘어지지 않아서 좋아요 세일 자주 해주세용ㅎㅎ,"기획세트가, 좋아지네요",아이오페 레티놀 슈퍼 바운스 세럼,복합성,"주름개선, 보습"
레티놀 입문템으로 제품 추천하는 후기를 봤는데 사용해보니 알 같더라고요 레티놀이 피부에 적응하는 기간이 필요한 성분이다 보니 일정 주기를 두고 사용해야 하는데 제품은 순하다고 해야할까요 크게 적응 기간을 두지 않고 매일 사용해도 괜찮더라고요 크림이랑 세럼 추가 증정으로 요긴하게 사용하고 있습니다 디자인도 독특하면서도 매력적이네요,"레티놀, 입문템으로",아이오페 레티놀 슈퍼 바운스 세럼,복합성,"주름개선, 보습"
레티놀중에 잘맞고 좋아하는 제품이예요 건성피부인데 이거 하나만 발라도 건조함을 잡아주고 흡수가 다른제품보다 잘되는 느낌이랄까ㅎㅎ 자극없고 촉촉하고 보습력까지 짱짱한데다 출시때부터 꾸준히 썼는데 익숙해졌을때는 모르다가 안쓰면 티나더라고요 개인적으론 리들샷조합 나이트루틴으로 좋아요 증정품도 풍성하고 구성도 자주 바뀌니 살펴보고 구매하시길 추천,"레티놀중에, 잘맞고",아이오페 레티놀 슈퍼 바운스 세럼,복합성,"주름개선, 보습"
늘 재구매하는 꾸준템 아이오페 레티놀이에요 이거 없으면 못사는 저 30대가 되면서 슬로우에이징에 집중하고 있어요 아이오페 레티놀은 빠른 시일내에 효과가 즉각적으로 보이기 더 인기가 많은 같아요 저같은 경우는 모공탄력 피부치밀도 개선에 효과를 느꼈습니다 주름도 정리된 느낌을 받았어요 사계절 없으면 안되는 필수템이에요,"재구매하는, 꾸준템",아이오페 레티놀 슈퍼 바운스 세럼,복합성,"주름개선, 보습"
모공에 탄탄력이 떨어지는 요즘입니다 이대론 안되겠다라는 생각에 두 레티놀과 두 메티노이드를 배합한 4중탄력이라는 광고를 보며 아이오페 세럼을 구입했어요 10여 일간 꾸준히 사용하면서 피부 속이 차오르고 모공이 줄어드는 받았습니다 이래서 아이오페 아이오페 하는 같아요,"모공에, 탄탄력이",아이오페 레티놀 슈퍼 바운스 세럼,복합성,"주름개선, 보습"
레티놀 맛집 아이오페 효과 좋은 레티놀 앰플을 꼽으라면 무조건 아이오페 레티놀 슈퍼 바운스 세럼을 선택할 거 같아요 브랜드 앰플보다 눈에 띄게 피부가 좋아지는게 보여요 피부 자극이 없지는 않지만 아이오페 레티놀 앰플에 덜 한편 자극 덜 효과 좋은 앰플이라 재구매할 예정입니당,"레티놀, 맛집",아이오페 레티놀 슈퍼 바운스 세럼,복합성,"주름개선, 보습"
아이오페 레티놀 슈퍼 바운스 세럼을 샘플들 받아서 일주일 써봤는데 괜찮더라고요 사람들 후기를 참고해서 본품두 구매했는데 역시나 기대를 저버리지 않았어요 세럼이 묽은 편이라 발림성이 좋고 피부에 빠르게 스며들어서 끈적임 산뜻하게 마무리돼요 복합성 피부인 저에게도 딱이더라고요 꾸준히 사용하니까 피부가 확실히 탄탄해지고 주름도 조금씩 옅어지는 느낌이에요 특히 피부 결이 매끄러워지고 모공도 줄어든 같아요 피부가 촘촘해진 느낌 레티놀 제품이라 처음엔 걱정했는데 자극이 없어서 아침저녁으로 부담 쓸 수 있었어요 아침에 사용할 땐 자외선 차단제 꼭 챙겨 바르는 거 잊지 마세요 아이오페 레티놀 슈퍼 바운스 세럼은 안티에이징 효과를 기대하는 분들에게 추천하고 싶고 꾸준히 쓰면 피부가 확실히 달라지는 걸 느낄 수 있을 거예요 결이 좋아집니다,"아이오페, 레티놀",아이오페 레티놀 슈퍼 바운스 세럼,복합성,"주름개선, 보습"
저는 제품을 년째 사용 하고있는제 모르겠어요 좋은 제품이에요 자극없이 순해요 순한제품 못 봤을 정도로 너어무 순하고 피부결 정돈에 제잉 큰 영향을 주는 칭구에요 이건짐짜 세일할때 왕창 쟁여둬야해요 ㅠ,"저는, 제품을",넘버즈인 3번 보들보들 결 세럼,복합성,"모공, 다크서클"
거짓말이 아니라 이거 몇년 쓰면서 5통 은 더비운거같은데 예민피부도 잘 쓰실거같고 사계절도 써도 ㄱㅊ을듯 뭐랄까 쓰면 쫀쫀 촉촉 해지고 화장직전에 여러겹을 발라도 좋을거같아요 짱,"거짓말이, 아니라",넘버즈인 3번 보들보들 결 세럼,복합성,"모공, 다크서클"
넘버즈인 오픈하자마자 홈페이지에서 산 사람인데 3번 결세럼 변함 예전에는 더 콧물제형에 쏙 들어가는 느낌에 속건조에 최고였는데 제품 리뉴얼 됐나요 화장품 회사들 진짜ㅋ 말 아낍니다,"넘버즈인, 오픈하자마자",넘버즈인 3번 보들보들 결 세럼,복합성,"모공, 다크서클"
모공피부결에 효과있는진 모르겠지만 피부에 발랐을때 느낌이 나쁘지 않은것 같습니다 정확한건 꾸준히 써봐야 알겠지만요 건성인 친구는 가볍다고 하는데 저는 촉촉함에 있어선 건조하진 않았던 같습니다,"모공피부결에, 효과있는진",넘버즈인 3번 보들보들 결 세럼,복합성,"모공, 다크서클"
퍼스널 컬러 겨울 클리어 봄영향을 받은 겨울클리어 타입 바우만 피부 타입 지성심한 민감성경미한 비색소성경미한 탄력 티트리 녹차 알로에 병풀시카 캐모마일 카렌듈라 살리실릭애씨드 판테놀 코코넛오일 쉐어버터 코코아버터 시나몬오일 시나믹애씨드 아세틱애씨드 벤조익애씨드 알파리포익애씨드 꿀피부 소리 듣지만 간혹 접촉성 피부염 재발로 홍조 두드러기 재발 술을 빚으시는 주조사분들의 손을 스킨케어에 적용시키기 시작됐다고 하는 피부의 기본기를 다지는 갈락토미세스 2 피테ㄹ 에센스 ㅆㅇㄴ 퍼ㅅㅌ에센스 ㅁㅅ 에센스도 마찬가지로 제품들을 썼을때 피부의 속광이 돌면서 결광이 달라지는걸 체감 후 갈락이 좋구나 느꼈었습니다 갈락이 들어가있는 앰플들을 써봤을때 트러블이 올라오면서 방황했는데 유일하게 안났던게 3번 앰플입니다 솔직하게 위 제품들을 썼을때만큼의 충격좋은의미를 받진 못했어요 이미 결이 부드러워서 그런건가싶기도 더 써봐야 할 같습니다 3번 에센스 토너는 안맞았습니다 특별함을 전 느끼지 못해서 재구매는 안할듯 합니다,"퍼스널, 컬러",넘버즈인 3번 보들보들 결 세럼,복합성,"모공, 다크서클"
유명한 이유가 있어요사용한 직후도 그렇고 다음날 보들보들 피부장벽에도 좋고 피부결이 완전최고 아쉬운 점이 없어요 건성복합성 ㅊㅊ 지성도 잘 사용할 수 있어요 끈적이지 않고 보들보들맨날 사용해요 양도 디자인도 보들보들 걍 다 보들보들 좋네요 피부결 고민이시면 구매ㄱㄱㄱ,"유명한, 이유가",넘버즈인 3번 보들보들 결 세럼,복합성,"모공, 다크서클"
단연코 환절기에 쓰기 좋은 세럼입니다 늘어진 모공각질 케어에 너무 좋은 세럼이에요 3번 세럼 바르고 화장하면 피부결이 쫀쫀해져서 화장도 잘먹고 피부상태도 좋아보여요 좋아하던 세럼이었는데 대용량으로 나와서 좋고 3번팩 정가도 비싼데 주니까 최고네요 아묻따 본인이 모공이 크고 모공 주변에서 흰색 각질이 일어난다 하시는 분들 무조건 사용해보세요 피부상태가 1회 사용만으로 개선되고 얼굴에서 광이나요 제가 민감성 피부인데 트러블이런거 하나도 안 났지만 발효성분이 안 맞으시는 분들은 한 번 테스트 해보시고 구매하셔요,"단연코, 환절기에",넘버즈인 3번 보들보들 결 세럼,복합성,"모공, 다크서클"
피부결에 좋다고 해서 구매했는데 사실 꾸준히 써봐도 큰 차이는 못 느끼겠어요 넘버즈인 제품들이 대부분 잘 나오는데 피부에는 제품은 큰 역할을 하지는 못 있습니다 수부지 지복합성 피부이신 분들은 참고하시면 좋을 같습니다,"피부결에, 좋다고",넘버즈인 3번 보들보들 결 세럼,복합성,"모공, 다크서클"
한달사용후기 화잘먹 세럼으로 통 째 사용중 화잘먹 제가 세럼을 처음 사용해봤을 신세계를 경험해볼 정도였는데요 아침에 토너패드로 결 정리 후 세럼을 발라주니까 시원하기도 속보습을 꽉 잡아주면서 발리는데 단계는 밀리지도 않고 베이스 예쁘게 발린답니다 제형 불투명한 콧물 제형으로 무거울 같지만 절대 무겁지 않고 깔꼼하고 산뜻하게 흡수 되니까 무조건 아침 세럼으로 추천드려요 조합 화잘먹 꿀조합은 이거만한게 없는데 넘버즈인 4번 토너 3번 세럼 해주면 각질 케어도 되면서 피부결정리도 해주고 속보습을 채워주니까 깐달걀 피부를 만들어준답니다,"한달사용후기, 화잘먹",넘버즈인 3번 보들보들 결 세럼,복합성,"모공, 다크서클"
피부 타입 복합성존 지성 볼 건성 날씨가 추워지면서 여름 스킨케어 루틴만으로는 볼 쪽 피부 화장이 뜨더라고요 전에 3번 세럼 사용했을 잘 맞았던 같아서 구매했어요 확실히 복합성 분들은 여름보단 겨울이 적당충분한 보습이 되고 피부 보들보들 해져서 3번 세럼 강추드려요 저는 에이ㅍㄹㅅㅋ 히어로쿠션 사용했는데 화장 잘 먹어요 날 쌀쌀해진 이후부터는 3번세럼 애용할 같아요,"피부, 타입",넘버즈인 3번 보들보들 결 세럼,복합성,"모공, 다크서클"
재구매템입니다 아묻따 넘버즈인 잘쓰고 있어욬ㅋㅋㅋ 추천해툐,"재구매템입니다, 아묻따",넘버즈인 3번 보들보들 결 세럼,복합성,"모공, 다크서클"
촉촉하고 좋아요 잘 쓰고 있습니당 꾸준히 사용햐야 절확한 효과는 알 같아요,"촉촉하고, 좋아요",넘버즈인 3번 보들보들 결 세럼,복합성,"모공, 다크서클"
피부결 정리해보고 싶어서 샀지만 1주일 쓰고 멈춤 트러블 준내 나서 피부과만 갔습니다넘버즈인 제품은 이걸로 처음 써봤는데요 목적을 유효하게 해주는 성분과 그것의 효과는 있으나피부가 부드러워지긴 했음 흡수가 잘 안 되고 사용에 문제가 있는 제품을 지속적으로 사용하기 어려움 데일리 세럼도 아닌 게 중요한 상황에 슥 피부 정리하는 느낌으로 써야 괜찮을 거 같고요 발효 성분유분 제품 쓰는 것에 문제가 없을 거라고 자신할 수 있는 분이 써야 좋을 거 같음 결론은 넘버즈인 제품력이 보이진 않음,"피부결, 정리해보고",넘버즈인 3번 보들보들 결 세럼,복합성,"모공, 다크서클"
팩 써보고 좋아서 세럼도 구매하게 되었습니다 바르면 피부결 정돈되고 요철도 조금씩 들어가는 같아서 잘 사용하고 있어요 사람마다 호불호 갈리는 같더라구요ㅠㅠ 꼭 테스트 해보시고 구매하시길 바랍니다 참고해서 만족스러운 쇼핑되세요 도움이 되셨다면 도움이 돼요 한 번 꾸욱 눌러주세요,"써보고, 좋아서",넘버즈인 3번 보들보들 결 세럼,복합성,"모공, 다크서클"
저는 돌고 돌아 여기에 오네요 세통째 사용중인데 기획구성이 바뀌네요 5080 쓰다가 이번엔 50기획이 좋길래 리필 기획으로 구매했습니다 사용전 테스트 필수 발효성분 민감성 피부 주의 제가 써보면서 느낀건 피부결 하나는 3번세럼이 탑 세럼 써봤는데 효과 좋다 느낀건 없었어요 요즘 잠을 못자서 건조한 피부 트러블 고민이었는데 세럼 이걸로 바꾸고 나서 조금씩 돌아오는 중이에요 트러블 있는 부분에 바르면 살짝 따가울 수 있어요 저는 3번세럼 리들샷 아비브 부활초 라인으로 관리해주고 있는데 조합 겨울에 강추입니다,"저는, 돌고",넘버즈인 3번 보들보들 결 세럼,복합성,"모공, 다크서클"
퍼스널 컬러 겨울 클리어 봄영향을 받은 겨울클리어 타입 바우만 피부 타입 지성심한 민감성경미한 비색소성경미한 탄력 티트리 녹차 알로에 병풀시카 캐모마일 카렌듈라 살리실릭애씨드 판테놀 코코넛오일 쉐어버터 코코아버터 시나몬오일 시나믹애씨드 아세틱애씨드 벤조익애씨드 알파리포익애씨드 꿀피부 소리 듣지만 간혹 접촉성 피부염 재발로 홍조 두드러기 재발 술을 빚으시는 주조사분들의 손을 스킨케어에 적용시키기 시작됐다고 하는 피부의 기본기를 다지는 갈락토미세스 2 피테ㄹ 에센스 ㅆㅇㄴ 퍼ㅅㅌ에센스 ㅁㅅ 에센스도 마찬가지로 제품들을 썼을때 피부의 속광이 돌면서 결광이 달라지는걸 체감 후 갈락이 좋구나 느꼈었습니다 갈락이 들어가있는 앰플들을 써봤을때 트러블이 올라오면서 방황했는데 유일하게 안났던게 3번 앰플입니다 솔직하게 위 제품들을 썼을때만큼의 충격좋은의미를 받진 못했어요 이미 결이 부드러워서 그런건가싶기도 더 써봐야 할 같습니다 3번 에센스 토너는 안맞았습니다,"퍼스널, 컬러",넘버즈인 3번 보들보들 결 세럼,복합성,"모공, 다크서클"
모공 세럼으로 얘가 좋다길래 사봤습니다 후기 자주 보신 분들은 아시겠지만 제가 기초 제품군에서 소비하는게 모공 세럼 모공 앰플이거든요ㅠ 그만큼 모공이 아주 넓은 왕모공쟁이라 조금이라도 좋다거나 괜찮다고 소문난 제품들이 나오면 사서 써보고 있어요 피부과 시술을 받거나 비싼 뷰티 디바이스를 쓰진 않고 기초 제품으로만 케어를 모공 크기 변화는 없지만 더 넓어지지 않는 것만으로도 다행이라 생각해요ㅠㅠ 넘버즈인 3번 세럼도 모공 케어 제품으로 유명해서 사볼까 했다가 얘가 말 많고 탈 많던 ㅍ의 자회사 브랜드라길래 꺼려져서 안 샀거든요ㅠ 지금은 논란도 잠잠해졌고 좋다는 후기가 많아 제품력이 어떨지 궁금해져서 사봤는데 왕모공에도 효과가 있을지 궁금해지네요,"모공, 세럼으로",넘버즈인 3번 보들보들 결 세럼,복합성,"모공, 다크서클"
세럼은 피부결 개선에 탁월해요 바르고 나면 피부가 확실히 매끄럽고 보들보들해져서 만지는 재미가 생기더라고요 흡수도 빠르고 끈적임 산뜻해서 아침 저녁으로 꾸준히 사용하기 좋았어요 덤으로 받은 세럼팩도 피부에 보습과 진정 효과가 있어 만족스러웠습니다,"세럼은, 피부결",넘버즈인 3번 보들보들 결 세럼,복합성,"모공, 다크서클"
보들보들해서 샀어여 올영 세일할때 쟁여놔야해여 안그럼 넘 가격이 사악함,"보들보들해서, 샀어여",넘버즈인 3번 보들보들 결 세럼,복합성,"모공, 다크서클"
처음 발랐을땐 그닥 좋다고 못느꼈는데 자주 쓰다보니 흡수도 빠르고 조금은 매끈해지는것같아여 차음부터 통이 불량이라 그게 아쉬워여,"처음, 발랐을땐",넘버즈인 3번 보들보들 결 세럼,복합성,"모공, 다크서클"
두통째쓰고있어요 자극없고 피부결정리에 정말좋아요 다음날 세안할때 보들보들한게 느껴져요 만족합니다,"두통째쓰고있어요, 자극없고",넘버즈인 3번 보들보들 결 세럼,복합성,"모공, 다크서클"
토너랑 사용했을때 결개선 효과를 봤어요 물론 수부지인 저는 수분세럼과 격일로 사용하거나 했습니다,"토너랑, 사용했을때",넘버즈인 3번 보들보들 결 세럼,복합성,"모공, 다크서클"
수분 보습 진정에 좋은 앰플이에요 11기획할 구매했습니다 결 개선이 확 눈에 띄게 좋아지는 건 모르겠어요ㅎㅎ,"수분, 보습",넘버즈인 3번 보들보들 결 세럼,복합성,"모공, 다크서클"
요새 같은 가을 환절기에는 요철이 생기는데 이거는 바르기 좋은 제품 같애요주로 아침마다 바르고 화장을 합니다팩도 좋아요,"요새, 같은",넘버즈인 3번 보들보들 결 세럼,복합성,"모공, 다크서클"
비싸서 성분이 착한 제품이네요 초민감 예민 건성 수부지 피부인데 트러블 안나요,"비싸서, 성분이",넘버즈인 3번 보들보들 결 세럼,복합성,"모공, 다크서클"
이름 그대로 피부 결이 보들보들해졌어요 가볍고 산뜻하게 흡수되는데도 보습감은 오래가네요 리필까지 포함된 구성이라 매일 아침저녁으로 부담 사용할 수 있어요 꾸준히 쓰다 보니 메이크업도 잘 먹는 느낌 결 관리 고민 중이라면 이걸 추천합니다,"이름, 그대로",넘버즈인 3번 보들보들 결 세럼,복합성,"모공, 다크서클"
피부 타입은 수부지이고 모공 요철이 많아서 늘 스트레스예요 모공이 넓으니 블랙헤드도 자연스럽게 많아졌구요 모공이나 피부 결 구매 하게 됐습니다 향은 살짝 복숭아향인거 같고 약한편이라 거부감 없었고 제형은 콧물제형이라 주르륵 흐르지 않아서 좋았어요 흡수도 잘 되는편이고 딱히 자극도 없었습니다 드라마틱한 효과는 아니지만 피부가 전체적으로 결이 정리 되고 모공이 덜 도드라지는거 같아요,"피부, 타입은",넘버즈인 3번 보들보들 결 세럼,복합성,"모공, 다크서클"
결이나 모공에 좋다고 해서 열심히 쓰고있는데 보습감 적당하고 모공은 좋아지는 같기도하고 줄어든거 같긴해요 요거 매일매일 사용하고 있어서 벌써 리필을 채웠는데 리필 채워서 새로운 한병 되고 쓰레기도 안나오고 구성이 마음이 들더라구요 향후에 사볼 의향 어느정도 있어요 속건조 심한 겨울에는 좀더 보습감이 필요해서 크림이나 스킨으로 속건조를 잡아야합니다,"결이나, 모공에",넘버즈인 3번 보들보들 결 세럼,복합성,"모공, 다크서클"
모공 세럼 알아보다가 알게 된 제품인데 확실히 느껴진 건 이전에 안 발랐을 때보다 피부가 뭔가가 좋아진것같고 블랙헤드가 줄어든 같았어요 구매당시 리필 한팩 받았는데 리필해야합니다ㅎㅎ 벌써 바닥정도 남았네요 양이,"모공, 세럼",넘버즈인 3번 보들보들 결 세럼,복합성,"모공, 다크서클"
눈밑 요철에 좋아요 아주 유용하게 잘 사용하고 있어요ㅎ,"눈밑, 요철에",넘버즈인 3번 보들보들 결 세럼,복합성,"모공, 다크서클"
아침에만 바르는 앰플입니다 화장이 밀리지 않고 화사 윤기나서 어무애착하는 제품이에요,"아침에만, 바르는",넘버즈인 3번 보들보들 결 세럼,복합성,"모공, 다크서클"
세럼 본품에 리필까지 챙겨주는 구성품이라서 든든해요 수분감도 충분하고 흡수도 잘되는 편이에요 만족,"세럼, 본품에",넘버즈인 3번 보들보들 결 세럼,복합성,"모공, 다크서클"
넘버즈인이 유명해지기 전에 2020년에 처음 썼던 제품인데 메이트로 일하면서 오랜만에 재구매했어요 저는 5번라인이랑 1번라인을 최애 라인으로 쓰고 있거든요 샵에서도 화장 전에 이거 발라주시는 거 넘버즈인 샵에서도 쓴다는 말을 눈으로 확인함,"넘버즈인이, 유명해지기",넘버즈인 3번 보들보들 결 세럼,복합성,"모공, 다크서클"
솔직히 기대 안하고 산건데 꾸준히 발라주니까 피부결이 눈에 띄게 개선됐어요 그동안 세럼사서 효과를 본게 없는데 얘는 정만 효과를 봤어요 모공개선은 솔직히 잘 모르겠긴한데 것때문에 쟁여둘거 같아요,"솔직히, 기대",넘버즈인 3번 보들보들 결 세럼,복합성,"모공, 다크서클"
니아마이드신이 들어있어서 앰플이나 제품 사용하면 효과가 더 좋아져요 레티놀하고 궁합이 좋아서 이제품 얇게 깔고 레티놀 제품 쓰면 안 쓸때보다 더 빠르게 효과 볼 수 있어요 니아마이드신 자체로도 모공하고 피부결 관리 할 수 있어서 피부 관리에 추천해요,"니아마이드신이, 들어있어서",넘버즈인 3번 보들보들 결 세럼,복합성,"모공, 다크서클"
피부결 정돈에 특화된 세럼으로 사용 후 즉각적으로 부드럽고 매끈한 피부결을 느낄 수 있었습니다 리필 구성으로 경제적인 점이 좋았고 흡수도 빠른 편이라 단계 스킨케어에도 부담 사용 가능합니다 꾸준히 사용 시 모공 관리와 피부결 개선 효과를 기대할 수 있을 같아요,"피부결, 정돈에",넘버즈인 3번 보들보들 결 세럼,복합성,"모공, 다크서클"
바른후의 느낌은 바른듯 안바른 느낌이라 전 좋았어여 이거와 잘 맞는 궁합을 잘 찾아야 할것같아여전 결세럼 이후 선크림 파데했는데 화장이 뜨더라구여 화장전까지는 느낌 아주 좋았어여근데 리필용세럼 파우치는 진심바꿔야할것같아여 용량을 늘리던지 통으로 주던지 하면 좋을것같아여,"바른후의, 느낌은",넘버즈인 3번 보들보들 결 세럼,복합성,"모공, 다크서클"
팩을 해보고 세럼을 구입하게 되었어요 트러블성 피부라서 발효성분이 있는제품들은 살짝 걱정이 되거든요 ㅎ 팩을 했을때 생각보다 화끈거리지 않았고 이후 트러블이 나지도 않았거든요 백화점에서 비싸게 팔리고 있는 제품들 성분이 들어있다니깐 저도 흥미가 있고 사고 싶더라고요 사고 잘 안썻습니다 자극 받을일이 많은데 자극이 더 추가 될까봐요 ㅜㅠㅠㅜ 재구매는 글쎄요 오래 두고 쓰게 될까봐 걱정인데 아침 저녁에만 세안해서 이걸 쓰게 될지는 궁금하네요,"팩을, 해보고",넘버즈인 3번 보들보들 결 세럼,복합성,"모공, 다크서클"
한달리뷰 피부는 건성입니다 민감성은 살짝 앰플 자기전 바르면 엄청납니다많은 의미들로 엄청 끈쩍거려요 하ㅠㅠ 스킨케어 순서는 토너앰플로션크림입니다 살짝 따가움이 느껴지는거 같아요 얼굴이 간지럽다 이정도까지는 아닌데 민감하신분은 느끼실 수 있을거 같습니다 결과물은 괜춘 재구매의사는 없음,"한달리뷰, 피부는",넘버즈인 3번 보들보들 결 세럼,복합성,"모공, 다크서클"
꾸준히 사용하니까 피부가 점점 좋아지고 있는거 같아요 흡수도 잘 되고 수분감도 좋습니다,"꾸준히, 사용하니까",넘버즈인 3번 보들보들 결 세럼,복합성,"모공, 다크서클"
리뷰가 좋아서 구매해봤어요 한달써보고 오겠습니다,"리뷰가, 좋아서",넘버즈인 3번 보들보들 결 세럼,복합성,"모공, 다크서클"
순하고 좋은 제품이라 해서 사용해봤는데 제피부랑은 안맞았어요 수부지피부고 민감트러블 피부는 아닌 평범한 피분데 일주일 사용하다 처박템이 되어버렸습니다 화기나 따가운느낌은 없었는데 제품 사용하고 나서 좁쌀여드름이 올라왔어요ㅠㅠ,"순하고, 좋은",넘버즈인 3번 보들보들 결 세럼,복합성,"모공, 다크서클"
모공 개선 기능은 크게 와닿지 않았지만 사용한 다음날 손끝에서 부드러움이 다른게 확 느껴지더라구요 결 개선 효과는 확실했어요 왠지모르게 스멀스멀 새어나오는 유분기때문에 메이크업과는 어울리지 않았다는점 주말에 선크림 간단하게 스킨케어하는 날 쓰기 좋아요 발효성분 입문하시는 분들께 추천합니다,"모공, 개선",넘버즈인 3번 보들보들 결 세럼,복합성,"모공, 다크서클"
처음 며칠은 화한 느낌도 있습니다 효과가 좋아요 며칠 쓰곤 별효과가 없길래 후딱 쓰고 말자는 생각으로 팍팍 썼는데 새 나도 모르게 피부가 좋아져있더라구요 모공쪼임에는 별 효과를 못 느꼈지만 피부결에는 확실히 효과가 있었어요 보습감을 꽉 채웠을 때와는 확실히 결의 매끈함 초반에 자극이 있으니 민감성은 테스트 해보고 쓰세용,"처음, 며칠은",넘버즈인 3번 보들보들 결 세럼,복합성,"모공, 다크서클"
순하다고 말한 순 없을 같아요 살짝 따갑게 느껴지긴 했습니다 그렇다고 여드름이나 트러블이 올라온 건 아닙니다 사진은 나비존 쪽 모공 사진이에요 아이폰 기본카메라 스킨케어 직후라 모공쪽이 번들거리긴 화장하고 파우더처리해주면 도자기피부 완성됩니다 확실히 꾸준히 써주니까 피부가 보들보들해지고 블랙헤드가 싹 사라진게 느껴집니다요 콩콩 박힌 피지랑 우둘투둘한 요철 스트레스 개레전드였는데 이거 쓰고 나서 싹 사라짐 건조하지도 않고 유분감이 많은 편도 아닙니다 수분을 채워준다는 느낌도 받았어요 피지가 제거되니까 확실히 모공이 줄어들고 화장할때도 넘넘 좋와요,"순하다고, 말한",넘버즈인 3번 보들보들 결 세럼,복합성,"모공, 다크서클"
민감성 복합성 환장 피부에도 찰떡이고 바르면 매끈해지는 앰플 정착템이에요 80미리보다 50미리 제품이 더 간편하게 챙길 수 있고 가볍고 아기자기해서 보관하기에도 좋아요,"민감성, 복합성",넘버즈인 3번 보들보들 결 세럼,복합성,"모공, 다크서클"
이거 쓰면 오돌토돌한게 없어질줄 알았는데 솔직히 효과가 없어서 실망해씀요,"이거, 쓰면",넘버즈인 3번 보들보들 결 세럼,복합성,"모공, 다크서클"
확실히 결정리가 되어서 좋아요 같은 라인 토너랑 사용하고 있는데 겨울에 쓰기 딱이에요,"확실히, 결정리가",넘버즈인 3번 보들보들 결 세럼,복합성,"모공, 다크서클"
화장 전에 발라주면 좋아요 3번 토너 패드랑 사용하면 좋아요,"화장, 전에",넘버즈인 3번 보들보들 결 세럼,복합성,"모공, 다크서클"
모공부자 나에게 최고의 선택 모공이 점점 줄어드는 시분 최고네요,"모공부자, 나에게",넘버즈인 3번 보들보들 결 세럼,복합성,"모공, 다크서클"
피부가 건조한 편인데 가을부터 예민해질 정도로 건조한 편이라 보습에 신경을 쓰려고 합니다 일년넘게 꾸준히 쓰고 있는 제품인데 흡수가 빠르고 위에 크림 두껍게 발라도 밀리지 않아서 좋아요 기본 수분충전 세럼찾는분들께 추천하고싶어요,"피부가, 건조한",토리든 다이브인 세럼,건성,"수분, 진정"
건성에 좋은 수분세럼이예요 이거 없음 안됨ㅜ 여름에도 겨울에도 꼭 챙겨바릅니당,"건성에, 좋은",토리든 다이브인 세럼,건성,"수분, 진정"
무난하게 여러통 비우고 있는 세럼이에요 블프라 세일 하길래 쟁여두려고 샀어요,"무난하게, 여러통",토리든 다이브인 세럼,건성,"수분, 진정"
당신이 피부든 구매 추천드립니다 주위에 있는 민감성 복합성 지성 수부지 악건성까지 모두에게 추천했을때 합격을 준 세럼입니다 수분세럼중에 젤 좋은거 같아요 추천도 보는 사람마다 다해줬고 저는 몇년째 이것만 쓰고 있어요 공병 비워서 모으다가 넘 많아서 버렸어요ㅠㅠㅠ 좋아요 가볍고 흡수 빠르고 속건조까지 잘 잡아줘요,"당신이, 피부든",토리든 다이브인 세럼,건성,"수분, 진정"
수부지 피부라서 수분을 보충해줄 용도로 세럼을 구매했습니다 끈적이지 않고 촉촉해서 속건조를 잘 잡아줍니다 무향이어서 좋아요 웰라쥬 앰플도 가지고 있어서 비교해봤는데요 토리든 세럼이 웰라쥬 앰플보다 농도가 되직해요 그런지 웰라쥬 앰플은 가벼운 느낌인 반면에 토리든 세럼은 더 수분감이 느껴져요,"수부지, 피부라서",토리든 다이브인 세럼,건성,"수분, 진정"
제가 1년동안 잘쓴 제품 잘 사용하는 기초 중에서도 많이써서 텅비어있네요 순하게 속보습을 꽉 체울수 있어 좋았어요 비슷한 제품인 웰랑 비교했을때 토리든 촉촉 쫀쫀하게 마무리 웰 물처럼 주르르 흐르는 제형으로 더 가볍게 흡수됨 건성인 전 토리든이 사용감도 보습감도 만족스러워서 재구매했어요,"제가, 1년동안",토리든 다이브인 세럼,건성,"수분, 진정"
제가 모공이 부각되어 보이는 지성피부인데 요새 화장이 뜨고 모공이 뚜렷히 보이고 걱정이었는데 유튜브 보다가 크림보다는 기초 스킨케어를 탄탄히 하는게 중요하다는 걸 알고 이중 토너 사용할 세럼 구매햇습니다 토리든 히알루론산 세럼은 이전에도 스킨 대신으로 서용하던 제품입니다 딱히 일어나지도 않고 순한성분인 섯 같아 사용했는데 세럼 구매하려고 하니 세럼밖에 생각이 나질 않아 구매했습니다 수분감도 있고 순해서 지성분들이 쓰시기에 부담이 없을 같아요 제가 전에 쓰던 것처럼 토너대신으로도 화장을 기초를 탄탄히 하자는 마음으로 토너 사용하셔됴 좋을 같네요,"제가, 모공이",토리든 다이브인 세럼,건성,"수분, 진정"
올리브영에서 인기있는 제품은 다 이유가 있다는 걸 다시한번 느꼈어요 순하고 가볍게 사용할 수 있어 좋았어요,"올리브영에서, 인기있는",토리든 다이브인 세럼,건성,"수분, 진정"
피부가 쓰기 괜찮은 무난한 수분 세럼이에요 벌써 재구매 몇번째인지 기억이 안나네요 이거 바르면 피부가 좋은 것처럼 탱글탱글 광이 나서 화장 전에 바르면 좋아요,"피부가, 쓰기",토리든 다이브인 세럼,건성,"수분, 진정"
토리든 믿고 씁니다 좋아요 쟁여서 쓰는데 이번에 기획세트 좋아서 샀어여,"토리든, 믿고",토리든 다이브인 세럼,건성,"수분, 진정"
구매하고 있는 제품입니다 ㅎㅎ다른 분들에게도 강력 추천드리고 싶습니다,"구매하고, 있는",토리든 다이브인 세럼,건성,"수분, 진정"
다 좋다는 유명 세럼앰플 사용했을 때에도 악건성민감성인 저에게는 자극이 있었어가지구 수분 맛집이라는 토리든껄 처음으로 사봤어요 기능 안바라고 수분 충전용으로 구매했는데 와ㅠㅠ 만족합니다 토리든 토너 사용 후에 이거 사용하니까 피부가 수분을 머금는게 느껴져요ㅠㅠ 양도 총 100에 할인가 25000원이라 재구매 의사 500입니다 올영 세일 쟁일 제품이 늘었네요ㅎㅎ,"좋다는, 유명",토리든 다이브인 세럼,건성,"수분, 진정"
작년겨울에 토리든제품을 지인이 선물을 해줬었어요 작년 겨울에 무난히 잘썼던 기억이 났고 항상 올리브영 랭킹에 순위가 올라 와있고 리뷰 수도 많아서 올영에서 행사를 하길래 세럼하고 마스크팩등 이것저거 구매를 했는데요 예전에 선물을 받았던 제품하고는 틀립니다 제가 없는사이에 엄마가 박스를 개봉해놔 버려서 교환도 못하겠네요 세럼을 포장한건지 제품 불량인지 몰라도 제품이 다새서 왔네요 이거보고 깜짝 놀랐습니다 포장을 그만큼 꼼꼼히 해야하는거 아닌가요 리필제품은 써보지도 않고 버리게 되었네요 피부타입은 건조한편이라서 영양가있는크림이나 수분세럼을 사용하는데요 이제품은 이상해요 세럼이 예전처럼 흡수가 안되고 겉돌아요 처음썼을때 촉촉하다고 느꼈었는데 지금은 이상하게 보습력이 안되네요 금방 건조해지는거 같아요 이게 왜이러지 예전에는 안그랬는데 토리든 첨에 잘써본 1인으로서 속상하네요 행사하는제품이랑 기존제품을 다르게 만드는건 아닌가 의심이 드네요 양도 더 적어진거 같고 피부가 건성인데 더 건조 합니다 토리든은 빠이빠이,"작년겨울에, 토리든제품을",토리든 다이브인 세럼,건성,"수분, 진정"
산지 안되었는데 좋아서 빨리 비우고있어요 복합성이라 토너세럼단계에서 공을 들이는 편인데 피부에 딱이에요 다쓰면 또살거같네요,"산지, 안되었는데",토리든 다이브인 세럼,건성,"수분, 진정"
자극 순해서 부담 바르기 좋아요 추천해요,"자극, 순해서",토리든 다이브인 세럼,건성,"수분, 진정"
토리든 토너바르고 얼굴이 당기는데 세럼을 바르니 괜찮아요흡수잘되고 촉촉합니다,"토리든, 토너바르고",토리든 다이브인 세럼,건성,"수분, 진정"
두달 후면 40대가 되는 저에게는 그닥 촉촉한지 모르겠어요 후기 샀는데 기대한걸까요 겉도는 느낌 그런가요 롤링하면서 한참 두드려줘야 피부겉면만 촉촉한 느낌 있어요 건성피부는 비추 촉촉이란 단어 쓰면 안될듯,"두달, 후면",토리든 다이브인 세럼,건성,"수분, 진정"
푸른빛의 투명한 색이고 묽은편이에요 겨울에 촉촉한 인생세럼 보습이 너무너무 잘돼서 좋아요 수분폭탄이에요,"푸른빛의, 투명한",토리든 다이브인 세럼,건성,"수분, 진정"
워낙 유명해서 전부터 써보고 싶었는데 마침 세일해서 좋은 가격에 리필까지 구매하게 되었어요 올리브영에서 파는 제품들이랑 비교했을 히알루론산이 많인 편에 속하는 제품이라 가성비인 같아요 건성이고 아침저녁으로 모공세럼이랑 발라주려고 예상했던 가볍고 흡수력 좋아서 건조한 겨울 시즌 유용하게 쓸 같아요 속보습 기대중,"워낙, 유명해서",토리든 다이브인 세럼,건성,"수분, 진정"
저번 세일 50리필 기획으로 샀었는데 레전드로 촉촉하고 좋았는데 두통 다 써가서 이번에 기획으로 질렀습니당 요철좁쌀피분데 좁쌀 진심 다 들어갔고 요철도 옅어지면서 피부가 매끈매끈해진게 느껴져용 같이온 크림도 써봤는데 촉촉하고 좋네연,"저번, 세일",토리든 다이브인 세럼,건성,"수분, 진정"
비슷한 수분세럼들 중애 재 피부에 토리든이 잘 맞았어요 가볍고 피부 자극없어서 여러번 덧발라도 되고 여름에 사용하기 좋은데 보습이 잘 되는지는 모르겠어요,"비슷한, 수분세럼들",토리든 다이브인 세럼,건성,"수분, 진정"
토리든 히알루로산 라인 너무너무 좋아해서 팩도 잘 쓰고 크림도 써봤구요 앰플은 벌써 4통째입니당 지성에게 최고,"토리든, 히알루로산",토리든 다이브인 세럼,건성,"수분, 진정"
브랜드 세일해서 가격도 저렴하고 리필구성이라 더 좋아요,"브랜드, 세일해서",토리든 다이브인 세럼,건성,"수분, 진정"
과하지 않고 진정되는 느낌이라 좋아요 무난하게 쓰기 좋은 거 같아요,"과하지, 않고",토리든 다이브인 세럼,건성,"수분, 진정"
아 이거 좋아요 흡수 잘되고 보습감도 장난 아닙니다 여름에는 단독사용 후 선크림 지금같은 겨울에는 어바웃미 크림하나더 레이어링 다른거 필요없어요 강추,"이거, 좋아요",토리든 다이브인 세럼,건성,"수분, 진정"
몇가지 히알루론산 세럼을 사용해봤지만 발림성부터 바르고 난 후에도 촉촉하니 좋네요,"몇가지, 히알루론산",토리든 다이브인 세럼,건성,"수분, 진정"
가을 겨울용으로 무난 부드럽게 펴발라짐 약간의 향이 있는데 나쁘지 않음 듬뿍 발라서 금방 써요 도움이 돼요,"가을, 겨울용으로",토리든 다이브인 세럼,건성,"수분, 진정"
몇통을 산건지 맘에 들고 화장하기전에 사용하기 좋아욤,"몇통을, 산건지",토리든 다이브인 세럼,건성,"수분, 진정"
촉촉하고 기분좋아서 재재구매했다 더 비싼 히알루론산으로 갈아탔다가 돌아왔어요 우리동네 뉴오픈 올영에서 2만원구매시 오픈사은품 엄청마니 받고 기분좋아 찍었어요,"촉촉하고, 기분좋아서",토리든 다이브인 세럼,건성,"수분, 진정"
토리든 앰플 옛날부터 꾸히 재구매해서 쓰고 있어용 보통 앰플이나 에센스도 두겹정도 레이어드해서 사용하는 걸 좋아하는데 맨처음으로 바르면 흡수도 잘되고 촉촉해서 좋아요 기본 수분감 채워주는 앰플 찾으시는 분들께 추천하고 레이어드해서 사용하는 것도 좋아요,"토리든, 앰플",토리든 다이브인 세럼,건성,"수분, 진정"
토리든 앰플 옛날부터 꾸히 재구매해서 쓰고 있어용 보통 앰플이나 에센스도 두겹정도 레이어드해서 사용하는 걸 좋아하는데 맨처음으로 바르면 흡수도 잘되고 촉촉해서 좋아요 기본 수분감 채워주는 앰플 찾으시는 분들께 추천하고 레이어드해서 사용하는 것도 좋아요,"토리든, 앰플",토리든 다이브인 세럼,건성,"수분, 진정"
무난하게 쓸 수 있는 앰플 막 바르기 넘 좋아요ㅎㅎ,"무난하게, 있는",토리든 다이브인 세럼,건성,"수분, 진정"
극건성에 토리든 토리든 하는지 알겠는 것 세수하자마자 바르면 수분감 쭉 올라오네요 아침저녁으로 써서 한달에 한병정도 쓰는것같아요,"극건성에, 토리든",토리든 다이브인 세럼,건성,"수분, 진정"
토리든에만 이번에 10만원 가까이 썼어요 내 돈 가져가는 도둑임,"토리든에만, 이번에",토리든 다이브인 세럼,건성,"수분, 진정"
겨울에 건조해서 삿는데 터리든 좋아용,"겨울에, 건조해서",토리든 다이브인 세럼,건성,"수분, 진정"
아들이 지인으로부터 추천받고 써보려고 구매합니다 연말 가격할인도 있고 배송도 엄청빨라 좋아요,"아들이, 지인으로부터",토리든 다이브인 세럼,건성,"수분, 진정"
전에 써보고 괜찮아서 재구매합니다 평타제품이여서 꾸준히 쓰기좋아요,"전에, 써보고",토리든 다이브인 세럼,건성,"수분, 진정"
쓰면 피부에 뭐 올라오는 편이라 화장품 살 때마다 고민 마니하는편인데 저도 토리든 수분 세럼은 믿고 구매합니다 ㅋ 민감성 여드름성 수부지인데 자극감 촉촉함이 오래가요,"쓰면, 피부에",토리든 다이브인 세럼,건성,"수분, 진정"
한동안 떠나있다가 피부가 요새 뜨길래 오랜만에 써보니까 맛이지 뚝딱 다 써서 더 구매ㅎㅎ 잘쓰고 있슴다,"한동안, 떠나있다가",토리든 다이브인 세럼,건성,"수분, 진정"
보습 엄청난 고보습은 아니지만 저는 여러번 레이어링해서 바르고 크림으로 마무리하니까 좋았어요 민감 자극이 1도 없습니다 무난하게 쓰기 좋은 제품이에요 점도 살짝 점도가 있는 물 제형입니다 토너정도로 물 제형은 아니지만 묽은 편이에요 총평 고영양에 기능성 제품은 아니지만 피부가 민감하고 무난한 제품을 찾는다면 추천하고 싶은 제품이에요 벌써 리필 포함 4병 사용했을 정도로 흠 없는 제품입니다 나이가 어느정도 있으시다면 더 영양제품을 추천합니다 저는 사계절 사용했는데 여름에는 세럼에멀전으로 마무리했고 겨울에는 크림까지 쓰고 있습니다,"보습, 엄청난",토리든 다이브인 세럼,건성,"수분, 진정"
토리든은 기획 세트 구성 지나칠 수가 없는 듯 ㅠ 그동안 봐왔던 것도 있지만 올영세일 시작하니까 많은 인플루언서분들이 토리든 세럼을 광고하시길래 넘기려고 했는데 올영어워즈 4년 연속 수상이라나 뭐라나 아무튼 기획세트 세럼 100 구성이 25000원 하는데 150에 패드 10매랑 수딩 크림까지 해서 3만원이다 안 사겠음 오늘드림으로 제품 받아서 써보니 많은 유튜버들이 말했 듯이 365일 계절 타지 않고 무난하게 사용할 수 있겠더라구요 피부 속 수분을 가득 채워주면서 겉은 촉촉하고 깔끔하게 떨어지는 마무리감이 굉장히 만족스러운 제품이었어요 무향 무색소 제품이라 자극 이런거 없었고 얼굴 전체적으로 적당히 발라주면 가볍고 산뜻했어요 기존에 토리든 수딩 크림은 계절 안 타고 항상 휘뚤마뚤 잘 사용했었는데 세럼도 만족스럽네용 토리든은 뭔가 가벼우면서 피부 속 촉촉함은 확실히 챙겨주는 계절 안 타는 365일 휘뚤마뚤템 맛집인 같아요,"토리든은, 기획",토리든 다이브인 세럼,건성,"수분, 진정"
수부지 겨울이라서 수분크림바르고 화장해도 밖에서 오래 돌아다니면 각질이 조금이라도 떠서 고민이였는데요 이제품은 되게 제형이 물걸죽한 물느낌이라서 끈적 끈적 한 느낌도 없고 피부에 흡수 시키고 두드려도 하나도 안끈적 거려서 지성분들도 괜찮게 쓰실꺼같아요 사진보시면 수분막엄청 광 나요 광야가 될수있어료,"수부지, 겨울이라서",토리든 다이브인 세럼,건성,"수분, 진정"
년도 첫 세일에 샀다가 중간에 것도 써본 후 이게 좋다고 느껴서 마침 사려고 했는데 기획이 있길래 구매했어요 촉촉하고 순해서 좋습니다 강추,"년도, 세일에",토리든 다이브인 세럼,건성,"수분, 진정"
한 달이 지난 지금도 잘 사용하고 있습니다 기본템으로 항상 갖고 있어요 묽은 콧물제형이고 속건조 잡아줍니다 촉촉 산뜻한 마무리감으로 트러블 좋아요 수부지 지성피부에도 잘 맞을 같아요 저는 건성인데 한 번으로는 부족한 느낌이고 두 세번 레이어링해주는 게 좋았어요 참고해서 만족스러운 쇼핑되세요 도움이 되셨다면 도움이 돼요 한 번 꾸욱 눌러주세요,"달이, 지난",토리든 다이브인 세럼,건성,"수분, 진정"
히알루론산 좋다길래 사용해 봤는데 촉촉함이 오래가고 수분력이 있어서 좋아요,"히알루론산, 좋다길래",토리든 다이브인 세럼,건성,"수분, 진정"
민감피부인데 작급없고 끈적임없이 수분이 충분이 채워지는 느낌이에요 요즘같이 환절기에 좋아요 듬뿍 발라주어야 겠어요,"민감피부인데, 작급없고",토리든 다이브인 세럼,건성,"수분, 진정"
자극없이 순하고 제가 좋다고 하도 영업해서 주변사람들 다 이것만 씁니다 속건조는 50정도 잡아주는거 같아요 밤이랑 낮에 뜨기 좋고 여름 겨울 아무때나 다 좋아요 살짝 점도 있는데 흐르는 타입이라 흡수가 빨라요,"자극없이, 순하고",토리든 다이브인 세럼,건성,"수분, 진정"
물 같은 제형이고요 솔직히 저한테는 아무 효과가 없었어서 실망했습니다 분들한테는 효과가 있으신지는 모르겠는데 저한테는 없었어요 자극은 없더라구요 저한테는 흡수도 잘 안되는 같더라구요 재구매 할 의사는 없어요,"같은, 제형이고요",토리든 다이브인 세럼,건성,"수분, 진정"
제가 가지고 있는 앰플 중에 잘 사용하고 있습니다 수부지에 계절이 바뀌면서 턱 주변이랑 볼 쪽에 여드름이 났는데 잘 짜지지도 않는 딱딱한 여드름이 나서 고생했어요 여드름 앰플도 사고 했는데 중에 효과 본 거는 이거였어요 피부에는 수분이 부족했나봐요 수분만 잘 채워줘도 여드름이 건조해서 잘 안짜지고 딱딱한 거가 안나고 피부결도 좋아졌어요 속건조가 심했는데 그것도 잡힌 느낌입니다 앞으로 쭉 사용할게요 ㅈㅔ형도 가볍데 잘 발리고 흡수도 두드려주면 잘 흡수되고 쌓이는 느낌이라서 무겁지도 않네요,"제가, 가지고",토리든 다이브인 세럼,건성,"수분, 진정"
요즘 토리든 수분라인 유명한 같아서 구매해봤어요 전 복합이긴 한데아침 메이크업할땐 유분감있는 세럼 쓰고 자기전엔 끈적거리고 무거운거 싫어서 수분라인 쓰거든요 세수하고 자기전 발라주면 나쁘지 않더라구요 향도 쌔지않고 히알루론산 세럼이라 피부에 수분 공급되는 느낌 무난한 제품입니다,"요즘, 토리든",토리든 다이브인 세럼,건성,"수분, 진정"
